"bacdiveid","accession"
12,"GCA_001580535"
13,"GCA_001580615"
19,"GCA_011516825"
19,"GCA_014196315"
20,"GCA_000429165"
20,"GCA_007991375"
21,"GCA_001580995"
22,"GCA_011516865"
23,"GCA_011516925"
34,"GCA_014635085"
39,"GCA_900101615"
39,"GCA_900104205"
45,"GCA_000613305"
58,"GCA_001787335"
58,"GCA_007989365"
63,"GCA_000378165"
64,"GCA_003751345"
64,"GCA_006738645"
65,"GCA_006739055"
67,"GCA_000964365"
71,"GCA_014644535"
76,"GCA_000711725"
99,"GCA_000425045"
103,"GCA_900112895"
105,"GCA_000384135"
106,"GCA_000023265"
106,"GCA_945862375"
106,"GCA_945865395"
106,"GCA_945866315"
106,"GCA_945882605"
106,"GCA_945887445"
106,"GCA_945897875"
106,"GCA_945900735"
108,"GCA_000745905"
108,"GCA_000949255"
109,"GCA_900128965"
109,"GCA_945860575"
109,"GCA_945860855"
109,"GCA_945861025"
109,"GCA_945861285"
109,"GCA_945861325"
109,"GCA_945861475"
109,"GCA_945862025"
109,"GCA_945862115"
109,"GCA_945872865"
109,"GCA_945875775"
109,"GCA_945875945"
109,"GCA_945878475"
109,"GCA_945878705"
109,"GCA_945878815"
109,"GCA_945885515"
109,"GCA_945889085"
109,"GCA_945897405"
109,"GCA_945899535"
109,"GCA_945906305"
109,"GCA_945906845"
109,"GCA_945906865"
109,"GCA_945906955"
131,"GCA_000022565"
132,"GCA_004217555"
133,"GCA_000745965"
135,"GCA_000179915"
136,"GCA_900188085"
137,"GCA_900114625"
138,"GCA_025685565"
139,"GCA_025685545"
141,"GCA_900108185"
143,"GCA_025685655"
144,"GCA_900102025"
144,"GCA_900102025"
161,"GCA_900105015"
162,"GCA_000429245"
177,"GCA_017592395"
192,"GCA_000269805"
193,"GCA_000295095"
196,"GCA_016598775"
204,"GCA_029625435"
206,"GCA_900453215"
206,"GCA_000160615"
208,"GCA_000146285"
208,"GCA_900453315"
209,"GCA_000185445"
209,"GCA_900453235"
212,"GCA_900460345"
212,"GCA_014191445"
216,"GCA_900637955"
242,"GCA_018359985"
242,"GCA_000819985"
273,"GCA_006246305"
280,"GCA_000819765"
283,"GCA_000819885"
285,"GCA_000820165"
285,"GCA_000699185"
286,"GCA_000820085"
288,"GCA_000820045"
294,"GCA_000023065"
295,"GCA_014202415"
296,"GCA_002237365"
322,"GCA_001971645"
322,"GCA_002209555"
322,"GCA_902859615"
323,"GCA_002812705"
323,"GCA_902859605"
343,"GCA_000621025"
354,"GCA_004216755"
354,"GCA_008801725"
355,"GCA_000372065"
355,"GCA_900454345"
356,"GCA_000373745"
356,"GCA_900454285"
357,"GCA_004216695"
361,"GCA_014651835"
362,"GCA_003545825"
362,"GCA_013416295"
362,"GCA_003096595"
363,"GCA_013416335"
363,"GCA_004153445"
364,"GCA_004153455"
365,"GCA_013416515"
365,"GCA_004153685"
374,"GCA_000306945"
377,"GCA_003581385"
379,"GCA_900078335"
382,"GCA_000067205"
383,"GCA_000219915"
384,"GCA_000521505"
385,"GCA_004217095"
390,"GCA_900129885"
394,"GCA_014644575"
396,"GCA_000024085"
397,"GCA_000374105"
414,"GCA_001544355"
425,"GCA_900156755"
428,"GCA_004366795"
429,"GCA_000429525"
431,"GCA_001552655"
432,"GCA_900116805"
433,"GCA_001552255"
434,"GCA_000376225"
435,"GCA_001399675"
437,"GCA_020687825"
438,"GCA_000429145"
442,"GCA_000245735"
443,"GCA_000272005"
448,"GCA_000690055"
449,"GCA_001562195"
450,"GCA_010500895"
451,"GCA_000428905"
451,"GCA_000315035"
453,"GCA_000315055"
455,"GCA_003762925"
456,"GCA_000423345"
459,"GCA_900107855"
460,"GCA_003014615"
461,"GCA_000428985"
462,"GCA_000378045"
463,"GCA_900108065"
465,"GCA_014202835"
466,"GCA_900112305"
470,"GCA_000013665"
471,"GCA_000378185"
473,"GCA_000284615"
478,"GCA_000397065"
480,"GCA_023156245"
481,"GCA_003363485"
482,"GCA_000170835"
483,"GCA_000421165"
486,"GCA_007671675"
488,"GCA_900115175"
489,"GCA_004936695"
490,"GCA_023156235"
491,"GCA_000347775"
492,"GCA_014201735"
493,"GCA_000166295"
495,"GCA_000423125"
496,"GCA_000764025"
497,"GCA_003402235"
498,"GCA_000429485"
499,"GCA_000429505"
501,"GCA_000199675"
502,"GCA_001050195"
503,"GCA_001050275"
503,"GCA_001306095"
504,"GCA_001050255"
504,"GCA_001306035"
506,"GCA_001306115"
509,"GCA_003664005"
512,"GCA_000164905"
512,"GCA_000010785"
519,"GCA_000021545"
525,"GCA_900142435"
526,"GCA_000421645"
526,"GCA_001463825"
528,"GCA_001463845"
531,"GCA_002043005"
531,"GCA_000376125"
532,"GCA_900141975"
532,"GCA_001463885"
533,"GCA_001463945"
533,"GCA_000382705"
534,"GCA_001463905"
556,"GCA_014201465"
557,"GCA_014646615"
557,"GCA_014196205"
566,"GCA_014201585"
570,"GCA_001274945"
598,"GCA_000196735"
599,"GCA_000307855"
654,"GCA_000832905"
654,"GCA_000290615"
654,"GCA_000420205"
654,"GCA_900128875"
782,"GCA_001543875"
830,"GCA_002220865"
1077,"GCA_001591925"
1077,"GCA_001584335"
1093,"GCA_014499005"
1093,"GCA_000245335"
1093,"GCA_000507105"
1150,"GCA_004116955"
1150,"GCA_000245315"
1151,"GCA_000161455"
1201,"GCA_000507125"
1201,"GCA_001592005"
1203,"GCA_900115845"
1203,"GCA_001590825"
1207,"GCA_001636425"
1208,"GCA_024609785"
1209,"GCA_002835805"
1212,"GCA_017873565"
1213,"GCA_001591445"
1214,"GCA_000307875"
1215,"GCA_000508325"
1215,"GCA_001026695"
1216,"GCA_001591805"
1217,"GCA_001591665"
1217,"GCA_002335815"
1218,"GCA_000430745"
1219,"GCA_003605365"
1220,"GCA_001439965"
1221,"GCA_000374565"
1222,"GCA_000615945"
1223,"GCA_000709935"
1224,"GCA_001274775"
1225,"GCA_001648555"
1226,"GCA_029277305"
1228,"GCA_007994985"
1229,"GCA_001039475"
1233,"GCA_000708755"
1235,"GCA_003044065"
1240,"GCA_000513095"
1240,"GCA_001315045"
1241,"GCA_000513115"
1241,"GCA_001315065"
1242,"GCA_000177235"
1242,"GCA_000177235"
1244,"GCA_001274935"
1245,"GCA_000269865"
1250,"GCA_002874535"
1251,"GCA_001591485"
1254,"GCA_000429705"
1255,"GCA_000813125"
1256,"GCA_002156865"
1257,"GCA_001420715"
1257,"GCA_011008805"
1258,"GCA_001591825"
1259,"GCA_002019765"
1261,"GCA_000513135"
1261,"GCA_001315085"
1262,"GCA_000787375"
1264,"GCA_003097715"
1264,"GCA_000691165"
1271,"GCA_001273755"
1273,"GCA_004375095"
1274,"GCA_001420645"
1274,"GCA_023703085"
1276,"GCA_900114715"
1277,"GCA_000429725"
1279,"GCA_000430765"
1280,"GCA_000171615"
1281,"GCA_001439635"
1282,"GCA_002019645"
1284,"GCA_000429685"
1285,"GCA_900103485"
1293,"GCA_002886185"
1293,"GCA_003615245"
1294,"GCA_001592025"
1294,"GCA_001590785"
1297,"GCA_002835735"
1300,"GCA_000474275"
1302,"GCA_000262045"
1303,"GCA_007830235"
1317,"GCA_900113025"
1324,"GCA_000383875"
1325,"GCA_014202495"
1343,"GCA_009856445"
1344,"GCA_900108515"
1346,"GCA_015905325"
1347,"GCA_900104185"
1348,"GCA_900114165"
1349,"GCA_000425705"
1351,"GCA_004684905"
1352,"GCA_007991335"
1355,"GCA_900113125"
1357,"GCA_007990285"
1357,"GCA_900115605"
1358,"GCA_007990305"
1358,"GCA_900116255"
1359,"GCA_004565465"
1363,"GCA_014646635"
1364,"GCA_900112045"
1367,"GCA_000224785"
1368,"GCA_900112705"
1370,"GCA_000420725"
1371,"GCA_900106595"
1376,"GCA_003515705"
1376,"GCA_008087205"
1380,"GCA_014645515"
1382,"GCA_001038485"
1383,"GCA_001038425"
1385,"GCA_003426025"
1385,"GCA_014645115"
1386,"GCA_000770675"
1387,"GCA_000775605"
1387,"GCA_000425225"
1388,"GCA_000775595"
1388,"GCA_000425205"
1391,"GCA_014635125"
1391,"GCA_011761345"
1392,"GCA_900107755"
1393,"GCA_016908295"
1394,"GCA_012396605"
1394,"GCA_014202525"
1402,"GCA_001730235"
1403,"GCA_000307165"
1407,"GCA_000306965"
1408,"GCA_016908375"
1409,"GCA_003350505"
1419,"GCA_001277805"
1430,"GCA_001295365"
1430,"GCA_000966225"
1438,"GCA_900111865"
1440,"GCA_014196025"
1440,"GCA_000632715"
1449,"GCA_003688615"
1449,"GCA_014196095"
1450,"GCA_002243605"
1460,"GCA_014206945"
1461,"GCA_000521485"
1463,"GCA_000359605"
1464,"GCA_000377765"
1465,"GCA_010994085"
1466,"GCA_009659515"
1466,"GCA_010994055"
1467,"GCA_900111195"
1468,"GCA_900143085"
1474,"GCA_900156795"
1474,"GCA_001189575"
1476,"GCA_014905415"
1481,"GCA_002224365"
1493,"GCA_900110695"
1496,"GCA_017874635"
1511,"GCA_000829445"
1512,"GCA_000829515"
1513,"GCA_004405125"
1514,"GCA_000829435"
1515,"GCA_000482485"
1516,"GCA_000423105"
1517,"GCA_002884435"
1518,"GCA_900101385"
1519,"GCA_900110015"
1519,"GCA_002335735"
1537,"GCA_001591965"
1537,"GCA_000773015"
1537,"GCA_002200835"
1538,"GCA_002200915"
1538,"GCA_001312025"
1538,"GCA_000772935"
1539,"GCA_001311625"
1539,"GCA_003049575"
1540,"GCA_001183605"
1540,"GCA_004365535"
1542,"GCA_001281525"
1544,"GCA_001311865"
1546,"GCA_014207435"
1547,"GCA_003843875"
1548,"GCA_000377705"
1551,"GCA_900156645"
1553,"GCA_003148565"
1555,"GCA_900103695"
1556,"GCA_900101125"
1559,"GCA_001866055"
1569,"GCA_003201605"
1570,"GCA_900100185"
1571,"GCA_003814815"
1571,"GCA_007993825"
1571,"GCA_007988985"
1572,"GCA_900099605"
1573,"GCA_002886255"
1573,"GCA_900099745"
1607,"GCA_000187895"
1608,"GCA_020731235"
1608,"GCA_000154845"
1609,"GCA_000172175"
1610,"GCA_000156195"
1611,"GCA_000382445"
1611,"GCA_000373085"
1611,"GCA_000613545"
1612,"GCA_013009555"
1612,"GCA_000156075"
1612,"GCA_025146415"
1613,"GCA_000212915"
1621,"GCA_000375405"
1621,"GCA_000613745"
1622,"GCA_000157915"
1622,"GCA_001315785"
1623,"GCA_000158035"
1623,"GCA_028539415"
1624,"GCA_000428125"
1624,"GCA_000613825"
1625,"GCA_000613805"
1626,"GCA_000210075"
1626,"GCA_000210075"
1628,"GCA_900129655"
1628,"GCA_000195615"
1629,"GCA_000195635"
1630,"GCA_000315485"
1631,"GCA_000226135"
1631,"GCA_900106755"
1634,"GCA_013388295"
1634,"GCA_902728125"
1642,"GCA_000312565"
1650,"GCA_000348725"
1653,"GCA_001517345"
1653,"GCA_001418005"
1656,"GCA_000427445"
1657,"GCA_000746085"
1658,"GCA_000021745"
1673,"GCA_004135935"
1673,"GCA_003387225"
1674,"GCA_004342915"
1680,"GCA_003751805"
1681,"GCA_002563925"
1723,"GCA_000770925"
1723,"GCA_000741365"
1723,"GCA_000687635"
1726,"GCA_900129045"
1726,"GCA_000770945"
1726,"GCA_000741615"
1738,"GCA_000771565"
1738,"GCA_000741705"
1738,"GCA_002813205"
1739,"GCA_000771085"
1739,"GCA_000737845"
1747,"GCA_000771525"
1747,"GCA_000741285"
1748,"GCA_000771705"
1748,"GCA_000741415"
1757,"GCA_900637625"
1757,"GCA_001042655"
1757,"GCA_900105405"
1757,"GCA_000178355"
1757,"GCA_003397685"
1757,"GCA_004336685"
1766,"GCA_013408435"
1766,"GCA_002259595"
1770,"GCA_003752405"
1773,"GCA_009193175"
1773,"GCA_009362295"
1774,"GCA_009193185"
1774,"GCA_009299305"
1784,"GCA_000344805"
1786,"GCA_900168195"
1791,"GCA_900108245"
1792,"GCA_900109525"
1793,"GCA_900102525"
1801,"GCA_002937075"
1801,"GCA_014197735"
1825,"GCA_028550555"
1828,"GCA_900110435"
1829,"GCA_000429045"
1830,"GCA_014645695"
1843,"GCA_000285915"
1843,"GCA_001584405"
1866,"GCA_013623835"
1867,"GCA_011927955"
1868,"GCA_000426445"
1869,"GCA_001584615"
1882,"GCA_002252505"
1882,"GCA_012103085"
1884,"GCA_012395245"
1884,"GCA_008932295"
1887,"GCA_012103035"
1892,"GCA_002252525"
1892,"GCA_012395205"
1893,"GCA_005938105"
1893,"GCA_012103105"
1894,"GCA_002252475"
1895,"GCA_002252445"
1896,"GCA_003049685"
1896,"GCA_008801705"
1901,"GCA_003314995"
1944,"GCA_902833865"
1944,"GCA_900109265"
1944,"GCA_002071575"
1947,"GCA_902499135"
1965,"GCA_000013645"
1965,"GCA_000756045"
1966,"GCA_000020125"
1968,"GCA_002902925"
1968,"GCA_000739835"
1970,"GCA_002879855"
1970,"GCA_902859815"
1972,"GCA_000472825"
1972,"GCA_000739815"
1972,"GCA_902833725"
1976,"GCA_000198775"
1977,"GCA_002927045"
1978,"GCA_000519185"
1982,"GCA_902859805"
1988,"GCA_904848645"
1991,"GCA_000685075"
2055,"GCA_004291335"
2056,"GCA_001465545"
2057,"GCA_900187205"
2057,"GCA_000814845"
2058,"GCA_000815105"
2059,"GCA_001465595"
2059,"GCA_001049515"
2060,"GCA_000767615"
2061,"GCA_001017775"
2061,"GCA_001931675"
2062,"GCA_001029105"
2063,"GCA_000972785"
2066,"GCA_000934605"
2068,"GCA_000016345"
2069,"GCA_001595985"
2070,"GCA_001595965"
2071,"GCA_000973625"
2072,"GCA_900187875"
2076,"GCA_002224225"
2079,"GCA_003065385"
2080,"GCA_003072505"
2081,"GCA_003065365"
2086,"GCA_919592095"
2090,"GCA_000317795"
2094,"GCA_900187115"
2094,"GCA_000014025"
2094,"GCA_014648215"
2094,"GCA_024584145"
2095,"GCA_003544835"
2095,"GCA_004115735"
2095,"GCA_900445295"
2095,"GCA_008802155"
2095,"GCA_024584055"
2096,"GCA_013372265"
2096,"GCA_005818875"
2096,"GCA_000522465"
2097,"GCA_003346755"
2097,"GCA_002837275"
2098,"GCA_003346775"
2098,"GCA_004116555"
2099,"GCA_004214815"
2099,"GCA_001695395"
2099,"GCA_005818985"
2099,"GCA_024584025"
2100,"GCA_003544855"
2100,"GCA_002723495"
2101,"GCA_003355515"
2101,"GCA_004116585"
2101,"GCA_024584015"
2136,"GCA_004803815"
2136,"GCA_000175655"
2137,"GCA_013372145"
2137,"GCA_900460765"
2137,"GCA_900116585"
2137,"GCA_000705275"
2138,"GCA_900446395"
2139,"GCA_013177655"
2140,"GCA_002104335"
2140,"GCA_000621005"
2226,"GCA_000265295"
2232,"GCA_000813325"
2243,"GCA_007988865"
2244,"GCA_900101165"
2245,"GCA_007988845"
2245,"GCA_900109825"
2246,"GCA_007991315"
2246,"GCA_900109325"
2271,"GCA_000745125"
2271,"GCA_000708655"
2278,"GCA_900114235"
2285,"GCA_900109135"
2285,"GCA_900067235"
2287,"GCA_000425865"
2310,"GCA_016654005"
2318,"GCA_000428765"
2319,"GCA_014196335"
2320,"GCA_000421705"
2339,"GCA_001375595"
2368,"GCA_001314025"
2368,"GCA_007989805"
2369,"GCA_000767165"
2372,"GCA_016862675"
2372,"GCA_001314205"
2373,"GCA_007991755"
2375,"GCA_014636275"
2375,"GCA_000767175"
2376,"GCA_016862735"
2376,"GCA_013409875"
2376,"GCA_006386485"
2377,"GCA_007992535"
2377,"GCA_013409305"
2386,"GCA_000701465"
2387,"GCA_900105445"
2421,"GCA_000021945"
2441,"GCA_016653315"
2456,"GCA_000711985"
2460,"GCA_020531985"
2462,"GCA_014645135"
2462,"GCA_008017875"
2468,"GCA_008632335"
2481,"GCA_000223985"
2497,"GCA_000177635"
2515,"GCA_900106765"
2523,"GCA_000297115"
2524,"GCA_001440545"
2537,"GCA_000299355"
2567,"GCA_000621505"
2568,"GCA_000145275"
2568,"GCA_000180115"
2568,"GCA_000145275"
2568,"GCA_000180115"
2601,"GCA_901482605"
2646,"GCA_001561955"
2646,"GCA_900129165"
2648,"GCA_900142225"
2650,"GCA_001190785"
2741,"GCA_000699585"
2741,"GCA_900141635"
2760,"GCA_000022065"
2806,"GCA_900142265"
2817,"GCA_001038625"
2817,"GCA_000175595"
2817,"GCA_000163855"
2827,"GCA_000521465"
2829,"GCA_900142215"
2831,"GCA_000619945"
2833,"GCA_016316925"
2836,"GCA_003096175"
2836,"GCA_000633595"
2842,"GCA_026735165"
2845,"GCA_001594005"
2846,"GCA_026735135"
2848,"GCA_003208175"
2849,"GCA_003024655"
2850,"GCA_900142075"
2851,"GCA_003865095"
2853,"GCA_000237085"
2853,"GCA_000237085"
2854,"GCA_900142095"
2855,"GCA_900141845"
2856,"GCA_000686705"
2867,"GCA_900142145"
2868,"GCA_900142955"
2869,"GCA_000620125"
2870,"GCA_900142105"
2871,"GCA_900167005"
2872,"GCA_900099635"
2872,"GCA_000701905"
2873,"GCA_016765695"
2877,"GCA_002000025"
2879,"GCA_002104455"
2879,"GCA_900109795"
2883,"GCA_900111755"
2903,"GCA_900116825"
2903,"GCA_001298675"
2904,"GCA_900107605"
2905,"GCA_000204195"
2909,"GCA_000374625"
2937,"GCA_000429845"
2952,"GCA_001571325"
2954,"GCA_900107225"
2965,"GCA_001571225"
2966,"GCA_001592285"
2968,"GCA_001592305"
2979,"GCA_000422885"
2982,"GCA_000015505"
2992,"GCA_003387155"
2992,"GCA_003387155"
3017,"GCA_001591345"
3021,"GCA_004363315"
3022,"GCA_000015565"
3026,"GCA_003350475"
3027,"GCA_009646335"
3030,"GCA_003337555"
3031,"GCA_004362405"
3032,"GCA_003063475"
3034,"GCA_003063455"
3035,"GCA_001270065"
3037,"GCA_014199525"
3043,"GCA_000159235"
3043,"GCA_000178335"
3050,"GCA_000225705"
3053,"GCA_000023845"
3065,"GCA_003725295"
3067,"GCA_003725995"
3068,"GCA_000296445"
3072,"GCA_016865385"
3072,"GCA_003726015"
3072,"GCA_003428485"
3072,"GCA_024171685"
3073,"GCA_000478885"
3073,"GCA_003428235"
3075,"GCA_000210055"
3076,"GCA_000422625"
3076,"GCA_024623255"
3077,"GCA_000403355"
3077,"GCA_024623275"
3195,"GCA_000011305"
3195,"GCA_000160795"
3207,"GCA_000550785"
3208,"GCA_000418365"
3230,"GCA_000379425"
3234,"GCA_000442645"
3235,"GCA_000767055"
3235,"GCA_000372245"
3240,"GCA_001571025"
3240,"GCA_000819445"
3249,"GCA_000194605"
3250,"GCA_000236705"
3250,"GCA_945865885"
3250,"GCA_945881955"
3250,"GCA_945907425"
3250,"GCA_000236705"
3250,"GCA_945865885"
3250,"GCA_945881955"
3250,"GCA_945907425"
3764,"GCA_000473365"
3766,"GCA_003148625"
3776,"GCA_000023125"
3782,"GCA_900167945"
3783,"GCA_000263195"
3804,"GCA_900142395"
3810,"GCA_900141805"
3812,"GCA_000166395"
3813,"GCA_000169175"
3818,"GCA_014195535"
3829,"GCA_000373265"
3834,"GCA_000383955"
3841,"GCA_000010985"
3845,"GCA_008362905"
3846,"GCA_000183405"
3855,"GCA_000196275"
3858,"GCA_000482805"
3869,"GCA_000701405"
3887,"GCA_000317835"
3888,"GCA_007990775"
3890,"GCA_014646895"
3893,"GCA_000252445"
3894,"GCA_002897375"
3901,"GCA_014202645"
3917,"GCA_003355475"
3917,"GCA_003994295"
3919,"GCA_900070355"
3920,"GCA_014191425"
3931,"GCA_006715095"
3935,"GCA_006716095"
3946,"GCA_000429905"
3947,"GCA_900142135"
3963,"GCA_000745975"
3996,"GCA_000429925"
3997,"GCA_900101345"
4001,"GCA_013761005"
4015,"GCA_000429945"
4030,"GCA_000025945"
4031,"GCA_900143695"
4031,"GCA_945863875"
4032,"GCA_016919005"
4034,"GCA_000686525"
4041,"GCA_001311565"
4043,"GCA_000024325"
4069,"GCA_000519125"
4147,"GCA_000429985"
4148,"GCA_000429325"
4149,"GCA_900167125"
4150,"GCA_000482745"
4153,"GCA_900129975"
4153,"GCA_900129975"
4157,"GCA_000711735"
4158,"GCA_900101105"
4159,"GCA_000422245"
4161,"GCA_000384815"
4161,"GCA_900142115"
4167,"GCA_013340305"
4178,"GCA_011927665"
4187,"GCA_000744435"
4188,"GCA_000420385"
4189,"GCA_001481685"
4190,"GCA_025340205"
4191,"GCA_000017945"
4192,"GCA_000145985"
4195,"GCA_000011125"
4196,"GCA_000591035"
4196,"GCA_001316065"
4199,"GCA_000231015"
4200,"GCA_000020905"
4203,"GCA_000092465"
4205,"GCA_000092185"
4225,"GCA_000711225"
4239,"GCA_000020965"
4258,"GCA_003610395"
4267,"GCA_000014785"
4300,"GCA_900112605"
4301,"GCA_900110585"
4349,"GCA_000406185"
4350,"GCA_003049785"
4350,"GCA_000406145"
4351,"GCA_000365305"
4352,"GCA_000406165"
4377,"GCA_000463115"
4377,"GCA_000485945"
4378,"GCA_000463155"
4380,"GCA_000621185"
4383,"GCA_900116535"
4384,"GCA_000211415"
5008,"GCA_006494375"
5009,"GCA_006494415"
5009,"GCA_002095375"
5009,"GCA_022647325"
5010,"GCA_009646115"
5010,"GCA_006494355"
5011,"GCA_004792415"
5012,"GCA_002953215"
5012,"GCA_002095355"
5013,"GCA_002953195"
5013,"GCA_002095455"
5048,"GCA_011189575"
5088,"GCA_020381325"
5117,"GCA_000006945"
5117,"GCA_001558355"
5117,"GCA_014334155"
5117,"GCA_002289225"
5117,"GCA_900456445"
5117,"GCA_010191885"
5117,"GCA_010649825"
5166,"GCA_013375155"
5168,"GCA_900101535"
5168,"GCA_002082525"
5168,"GCA_000738675"
5180,"GCA_000757425"
5229,"GCA_001656035"
5237,"GCA_001277215"
5237,"GCA_000409305"
5239,"GCA_001277235"
5239,"GCA_000409225"
5242,"GCA_001277195"
5242,"GCA_000409285"
5243,"GCA_003182475"
5258,"GCA_007991535"
5258,"GCA_003795145"
5344,"GCA_001885945"
5363,"GCA_000421665"
5372,"GCA_014396165"
5376,"GCA_000702165"
5381,"GCA_001719165"
5381,"GCA_000714795"
5387,"GCA_014195675"
5387,"GCA_009828055"
5394,"GCA_002155425"
5396,"GCA_002155305"
5396,"GCA_001677335"
5398,"GCA_001028625"
5398,"GCA_001461885"
5398,"GCA_001028625"
5398,"GCA_001461885"
5415,"GCA_000597865"
5416,"GCA_001855385"
5434,"GCA_017873235"
5445,"GCA_009295725"
5453,"GCA_003317055"
5455,"GCA_900129905"
5458,"GCA_000422665"
5477,"GCA_000265385"
5479,"GCA_000429125"
5480,"GCA_900112395"
5480,"GCA_900112395"
5482,"GCA_900129275"
5484,"GCA_014651295"
5484,"GCA_000429545"
5485,"GCA_003259375"
5495,"GCA_003054025"
5499,"GCA_000190595"
5500,"GCA_000186265"
5501,"GCA_900102165"
5503,"GCA_900176415"
5504,"GCA_900104195"
5505,"GCA_001653755"
5505,"GCA_000769435"
5509,"GCA_000428485"
5510,"GCA_900110605"
5510,"GCA_000735105"
5512,"GCA_002217335"
5512,"GCA_000737695"
5513,"GCA_006539745"
5513,"GCA_900142775"
5515,"GCA_000016645"
5515,"GCA_900142355"
5515,"GCA_002221975"
5516,"GCA_900142735"
5528,"GCA_900142715"
5528,"GCA_002217365"
5529,"GCA_900101925"
5529,"GCA_002217405"
5536,"GCA_900106645"
5537,"GCA_900111075"
5539,"GCA_000425445"
5540,"GCA_003312425"
5541,"GCA_900143245"
5541,"GCA_001637185"
5544,"GCA_900129585"
5545,"GCA_000430025"
5545,"GCA_000769835"
5546,"GCA_000425425"
5547,"GCA_900129705"
5547,"GCA_003003155"
5549,"GCA_900108955"
5550,"GCA_002217195"
5550,"GCA_900107365"
5551,"GCA_007990835"
5551,"GCA_002530675"
5557,"GCA_000419685"
5558,"GCA_900100625"
5558,"GCA_000498515"
5559,"GCA_000422705"
5560,"GCA_003688495"
5561,"GCA_900129575"
5564,"GCA_900142035"
5565,"GCA_900148835"
5567,"GCA_900129555"
5568,"GCA_002217285"
5569,"GCA_000425465"
5570,"GCA_900101855"
5571,"GCA_002846575"
5571,"GCA_003663835"
5571,"GCA_014385425"
5572,"GCA_007830415"
5572,"GCA_004363695"
5573,"GCA_900182645"
5573,"GCA_009674815"
5574,"GCA_000686885"
5575,"GCA_000378485"
5575,"GCA_000769825"
5576,"GCA_000422725"
5576,"GCA_000769935"
5577,"GCA_002217435"
5578,"GCA_900111965"
5579,"GCA_900129545"
5580,"GCA_900142055"
5580,"GCA_009363055"
5585,"GCA_003148525"
5585,"GCA_002222055"
5586,"GCA_900142685"
5586,"GCA_001602525"
5587,"GCA_004362665"
5588,"GCA_000723205"
5589,"GCA_003148645"
5590,"GCA_000425645"
5592,"GCA_004216895"
5595,"GCA_900141785"
5596,"GCA_000255455"
5600,"GCA_000243235"
5603,"GCA_900130045"
5603,"GCA_004104045"
5604,"GCA_900188415"
5605,"GCA_900109345"
5606,"GCA_900142175"
5607,"GCA_900155985"
5608,"GCA_001447995"
5609,"GCA_003148665"
5609,"GCA_014673435"
5612,"GCA_000744105"
5613,"GCA_900167935"
5614,"GCA_000621125"
5615,"GCA_900112245"
5616,"GCA_003253545"
5617,"GCA_014651475"
5617,"GCA_000423405"
5618,"GCA_900141885"
5619,"GCA_000224085"
5623,"GCA_900109075"
5624,"GCA_900099675"
5627,"GCA_001280865"
5627,"GCA_900106865"
5629,"GCA_000378765"
5630,"GCA_900107595"
5634,"GCA_900101995"
5638,"GCA_900115205"
5640,"GCA_900115145"
5641,"GCA_900168045"
5643,"GCA_900113135"
5644,"GCA_001752425"
5644,"GCA_900168265"
5644,"GCA_002833385"
5645,"GCA_002833365"
5645,"GCA_900168115"
5649,"GCA_004345825"
5650,"GCA_003610735"
5651,"GCA_900119795"
5651,"GCA_000509405"
5652,"GCA_000430545"
5653,"GCA_003387615"
5654,"GCA_008124875"
5655,"GCA_003664185"
5658,"GCA_900102055"
5658,"GCA_014651275"
5658,"GCA_900102055"
5658,"GCA_014651275"
5660,"GCA_003688405"
5678,"GCA_900156575"
5678,"GCA_002943655"
5682,"GCA_900111495"
5686,"GCA_900129755"
5687,"GCA_000735695"
5688,"GCA_000430845"
5689,"GCA_000430825"
5691,"GCA_900108115"
5694,"GCA_900102265"
5695,"GCA_900108525"
5696,"GCA_003730015"
5698,"GCA_900156825"
5699,"GCA_900142325"
5701,"GCA_900156735"
5701,"GCA_900156735"
5702,"GCA_900100075"
5703,"GCA_000737705"
5704,"GCA_900156685"
5704,"GCA_002943675"
5705,"GCA_900108025"
5706,"GCA_000422265"
5707,"GCA_000812875"
5708,"GCA_900114045"
5709,"GCA_900108365"
5711,"GCA_900156725"
5714,"GCA_000224335"
5715,"GCA_900115185"
5718,"GCA_000423045"
5721,"GCA_900116115"
5722,"GCA_004341235"
5723,"GCA_003254015"
5723,"GCA_000332115"
5724,"GCA_002934445"
5724,"GCA_002954345"
5727,"GCA_003259525"
5728,"GCA_002973595"
5729,"GCA_004362865"
5730,"GCA_000382125"
5731,"GCA_000023465"
5732,"GCA_000260115"
5733,"GCA_900102915"
5733,"GCA_900107495"
5734,"GCA_000423585"
5735,"GCA_000424665"
5738,"GCA_900103215"
5739,"GCA_900111025"
5740,"GCA_010671595"
5741,"GCA_900167905"
5744,"GCA_900129665"
5745,"GCA_900101815"
5746,"GCA_000260835"
5746,"GCA_028743515"
5747,"GCA_900103285"
5754,"GCA_000379445"
5784,"GCA_000426625"
5806,"GCA_001311985"
5807,"GCA_000022265"
5831,"GCA_014195485"
5831,"GCA_003226595"
5840,"GCA_027622855"
5841,"GCA_000482705"
5842,"GCA_027622945"
5851,"GCA_000376785"
5852,"GCA_004364635"
5875,"GCA_000379085"
5876,"GCA_000427685"
5882,"GCA_000215915"
5947,"GCA_000421805"
5947,"GCA_002114285"
5951,"GCA_000337375"
5952,"GCA_000336995"
5953,"GCA_000336875"
5969,"GCA_000517625"
5969,"CP007055"
5970,"GCA_900116205"
5974,"GCA_003610195"
5975,"GCA_003605635"
5982,"GCA_016908315"
5993,"GCA_023227765"
6000,"GCA_023061135"
6001,"GCA_023061285"
6036,"GCA_000236035"
6036,"GCA_002265845"
6038,"GCA_019903445"
6040,"GCA_007163885"
6041,"GCA_011399095"
6042,"GCA_004363555"
6043,"GCA_000409775"
6043,"GCA_000428505"
6044,"GCA_014192055"
6045,"GCA_900100755"
6049,"GCA_003056305"
6054,"GCA_900100195"
6055,"GCA_900104135"
6056,"GCA_003989795"
6057,"GCA_900116405"
6058,"GCA_900103865"
6059,"GCA_900111305"
6060,"GCA_900116705"
6063,"GCA_900128925"
6067,"GCA_014192215"
6068,"GCA_003966155"
6069,"GCA_001662305"
6069,"GCA_900109905"
6070,"GCA_000378505"
6070,"GCA_014651575"
6072,"GCA_000377665"
6073,"GCA_014651775"
6074,"GCA_014651795"
6075,"GCA_000275725"
6076,"GCA_000336575"
6080,"GCA_003206135"
6080,"GCA_002179555"
6083,"GCA_900112585"
6084,"GCA_000382245"
6085,"GCA_003633775"
6086,"GCA_900106955"
6086,"GCA_014651655"
6089,"GCA_000024765"
6089,"GCA_004361875"
6092,"GCA_023555375"
6102,"GCA_004295525"
6102,"GCA_900478295"
6102,"GCA_014654435"
6102,"GCA_001312765"
6102,"GCA_000258845"
6102,"GCA_002206465"
6109,"GCA_017979375"
6109,"GCA_000187625"
6110,"GCA_001283005"
6112,"GCA_000183725"
6115,"GCA_014905135"
6117,"GCA_000987835"
6138,"GCA_006503695"
6149,"GCA_001753165"
6152,"GCA_000297055"
6165,"GCA_900128975"
6165,"GCA_000970435"
6167,"GCA_000970465"
6168,"GCA_014197055"
6169,"GCA_000969415"
6173,"GCA_900112505"
6173,"GCA_000971275"
6191,"GCA_003258855"
6196,"GCA_000423365"
6197,"GCA_000429865"
6199,"GCA_000023785"
6200,"GCA_000378345"
6218,"GCA_000382325"
6220,"GCA_000428525"
6222,"GCA_002088935"
6224,"GCA_000365025"
6231,"GCA_003987025"
6232,"GCA_003987255"
6235,"GCA_003987435"
6236,"GCA_003987105"
6236,"GCA_000753715"
6237,"GCA_003987265"
6237,"GCA_000423165"
6238,"GCA_003987335"
6245,"GCA_000576595"
6263,"GCA_020567375"
6271,"GCA_000768695"
6272,"GCA_014636255"
6272,"GCA_000768675"
6280,"GCA_014644955"
6280,"GCA_000421185"
6281,"GCA_003352835"
6282,"GCA_006716205"
6288,"GCA_007991735"
6302,"GCA_006715055"
6309,"GCA_006716675"
6309,"GCA_006717145"
6310,"GCA_007828725"
6312,"GCA_009858245"
6315,"GCA_000423205"
6329,"GCA_003149145"
6329,"GCA_900218025"
6340,"GCA_016586355"
6356,"GCA_900142165"
6377,"GCA_003589745"
6377,"GCA_003254255"
6396,"GCA_007989045"
6396,"GCA_001438655"
6399,"GCA_007992295"
6399,"GCA_012396535"
6399,"GCA_001437605"
6412,"GCA_001437365"
6489,"GCA_001433915"
6489,"GCA_004354755"
6489,"GCA_000297025"
6579,"GCA_009764355"
6579,"GCA_001434855"
6579,"GCA_007991895"
6579,"GCA_002179915"
6601,"GCA_000277855"
6601,"GCA_000428925"
6601,"GCA_001435135"
6612,"GCA_000423265"
6612,"GCA_001435165"
6613,"GCA_000160835"
6613,"GCA_001435475"
6615,"GCA_001434335"
6617,"GCA_001434365"
6619,"GCA_000159415"
6619,"GCA_001436305"
6621,"GCA_001435195"
6621,"GCA_001312045"
6624,"GCA_001434395"
6628,"GCA_001435815"
6628,"GCA_007991935"
6636,"GCA_001435835"
6636,"GCA_007989025"
6642,"GCA_003946275"
6643,"GCA_001435875"
6643,"GCA_000583655"
6644,"GCA_001435895"
6644,"GCA_001311355"
6646,"GCA_001434405"
6646,"GCA_000615885"
6657,"GCA_001435235"
6660,"GCA_007991995"
6660,"GCA_001434115"
6661,"GCA_001434835"
6661,"GCA_007991975"
6667,"GCA_001434785"
6667,"GCA_007992015"
6668,"GCA_001436375"
6668,"GCA_000583695"
6669,"GCA_001437055"
6672,"GCA_019443985"
6672,"GCA_001434845"
6674,"GCA_001435555"
6674,"GCA_000615905"
6674,"GCA_001592065"
6675,"GCA_001434455"
6675,"GCA_000615845"
6676,"GCA_001436275"
6677,"GCA_000423245"
6677,"GCA_001438785"
6678,"GCA_001435245"
6678,"GCA_001311375"
6678,"GCA_001570685"
6679,"GCA_001592085"
6679,"GCA_001436675"
6680,"GCA_001434915"
6681,"GCA_001436735"
6682,"GCA_000498955"
6690,"GCA_001436695"
6691,"GCA_001436755"
6692,"GCA_001436705"
6692,"GCA_000612445"
6693,"GCA_001434815"
6693,"GCA_001311765"
6693,"GCA_000312645"
6694,"GCA_001436595"
6694,"GCA_001311075"
6695,"GCA_001437125"
6696,"GCA_001436645"
6696,"GCA_001311215"
6697,"GCA_001434895"
6697,"GCA_001313185"
6700,"GCA_000296855"
6700,"GCA_001436575"
6701,"GCA_001311785"
6701,"GCA_001437465"
6702,"GCA_001436555"
6702,"GCA_001312065"
6703,"GCA_001434705"
6703,"GCA_001311255"
6704,"GCA_001436115"
6705,"GCA_001436125"
6705,"GCA_000296835"
6788,"GCA_000756815"
6789,"GCA_000308315"
6839,"GCA_019655995"
6839,"GCA_012396485"
6858,"GCA_023657365"
6858,"GCA_918814755"
6859,"GCA_023657385"
6859,"GCA_918814575"
6860,"GCA_016908275"
6860,"GCA_023701865"
6863,"GCA_001047115"
6863,"GCA_900108455"
6865,"GCA_001047135"
6949,"GCA_000745485"
6949,"GCA_027110455"
6950,"GCA_000746075"
6952,"GCA_017873625"
7136,"GCA_003173355"
7141,"GCA_000374145"
7175,"GCA_022179285"
7176,"GCA_001043915"
7178,"GCA_001043975"
7179,"GCA_022179325"
7180,"GCA_022179065"
7181,"GCA_000757795"
7182,"GCA_022179085"
7183,"GCA_022179305"
7186,"GCA_020523825"
7187,"GCA_022179585"
7187,"GCA_023546765"
7188,"GCA_022179245"
7191,"GCA_022179525"
7192,"GCA_001936175"
7192,"GCA_900113465"
7192,"GCA_001312285"
7193,"GCA_022179405"
7197,"GCA_022179125"
7200,"GCA_007992215"
7200,"GCA_022179205"
7203,"GCA_016743775"
7204,"GCA_003332305"
7204,"GCA_007991675"
7205,"GCA_000421465"
7206,"GCA_000968535"
7213,"GCA_000384075"
7216,"GCA_004802635"
7217,"GCA_000372845"
7226,"GCA_000422965"
7227,"GCA_000425185"
7229,"GCA_004103825"
7255,"GCA_000425105"
7256,"GCA_900163565"
7258,"GCA_900099705"
7277,"GCA_000421565"
7279,"GCA_009749385"
7280,"GCA_009749465"
7280,"GCA_024172065"
7281,"GCA_013407835"
7281,"GCA_004134805"
7282,"GCA_014645655"
7302,"GCA_900101115"
7302,"GCA_004564325"
7303,"GCA_014200375"
7303,"GCA_002929725"
7303,"GCA_004402605"
7304,"GCA_014200405"
7304,"GCA_000764165"
7306,"GCA_004402515"
7306,"GCA_900110125"
7329,"GCA_000425685"
7329,"GCA_003010915"
7330,"GCA_008831155"
7332,"GCA_006716695"
7346,"GCA_013408745"
7354,"GCA_017583045"
7355,"GCA_000421845"
7391,"GCA_017565745"
7423,"GCA_003569805"
7429,"GCA_000956535"
7432,"GCA_008017415"
7433,"GCA_000422405"
7436,"GCA_019753765"
7439,"GCA_015278225"
7444,"GCA_000763375"
7446,"GCA_015278285"
7446,"GCA_023155715"
7449,"GCA_002563955"
7450,"GCA_900105715"
7451,"GCA_013409745"
7452,"GCA_000956545"
7454,"GCA_008710705"
7455,"GCA_014205075"
7455,"GCA_015278215"
7462,"GCA_015278355"
7462,"GCA_024055635"
7464,"GCA_011046975"
7464,"GCA_017876695"
7465,"GCA_014635185"
7467,"GCA_004564075"
7467,"GCA_002741995"
7467,"GCA_001689915"
7471,"GCA_003667525"
7475,"GCA_014191305"
7476,"GCA_000381765"
7477,"GCA_001570905"
7478,"GCA_001570925"
7479,"GCA_000423505"
7480,"GCA_013410545"
7480,"GCA_008831135"
7481,"GCA_013410595"
7481,"GCA_008831125"
7489,"GCA_014645015"
7489,"GCA_900230175"
7497,"GCA_003014675"
7497,"GCA_003990035"
7498,"GCA_000421825"
7499,"GCA_900104895"
7500,"GCA_004217495"
7502,"GCA_003634555"
7505,"GCA_000421145"
7507,"GCA_009930795"
7508,"GCA_004364555"
7509,"GCA_900107435"
7511,"GCA_024979255"
7512,"GCA_013409865"
7514,"GCA_002797855"
7515,"GCA_000419445"
7516,"GCA_014137865"
7517,"GCA_000376245"
7592,"GCA_001313365"
7622,"GCA_000189535"
7625,"GCA_900105965"
7629,"GCA_020905375"
7634,"GCA_014645315"
7661,"GCA_004136635"
7756,"GCA_014204815"
7756,"GCA_014644875"
7756,"GCA_004563965"
7756,"GCA_022348285"
7760,"GCA_014138885"
7761,"GCA_014205175"
7771,"GCA_000421745"
7783,"GCA_012396615"
7787,"GCA_000420805"
7792,"GCA_011758685"
7792,"GCA_003703835"
7795,"GCA_016865425"
7797,"GCA_016861975"
8025,"GCA_018324255"
8196,"GCA_016107525"
8201,"GCA_016107545"
8202,"GCA_000013905"
8203,"GCA_000012305"
8207,"GCA_016107555"
8209,"GCA_000420045"
8530,"GCA_000613185"
8530,"GCA_005670675"
8544,"GCA_003584745"
8544,"GCA_001515365"
8544,"GCA_025821505"
8580,"GCA_000759695"
8580,"GCA_002101735"
8582,"GCA_010731675"
8582,"GCA_002086345"
8582,"GCA_025823125"
8593,"GCA_000214175"
8593,"GCA_000214175"
8628,"GCA_006546935"
10174,"GCA_000426645"
10423,"GCA_000186245"
10424,"GCA_900176045"
10424,"GCA_027946175"
10428,"GCA_005843985"
10428,"GCA_000170735"
10430,"GCA_000021725"
10447,"GCA_000429785"
10451,"GCA_001676875"
10453,"GCA_021129195"
10454,"GCA_021129175"
10455,"GCA_001953795"
10496,"GCA_000226875"
10498,"GCA_000227765"
10499,"GCA_000711875"
10500,"GCA_900176275"
10501,"GCA_014202765"
10502,"GCA_014645555"
10503,"GCA_014645535"
10508,"GCA_007844155"
10510,"GCA_007644035"
10511,"GCA_003202035"
10511,"GCA_001515285"
10512,"GCA_009856625"
10515,"GCA_000620145"
10516,"GCA_016881405"
10518,"GCA_001517245"
10518,"GCA_001418035"
10520,"GCA_000376945"
10523,"GCA_000430805"
10524,"GCA_000428145"
10525,"GCA_000422925"
10526,"GCA_900177275"
10529,"GCA_016865585"
10540,"GCA_001312085"
10540,"GCA_001514535"
10541,"GCA_000423865"
10610,"GCA_000248075"
10611,"GCA_000241305"
10613,"GCA_013004535"
10613,"GCA_000241265"
10622,"GCA_014197435"
10623,"GCA_000192435"
10777,"GCA_001613125"
10778,"GCA_000308595"
10786,"GCA_000308435"
10787,"GCA_000308755"
10799,"GCA_000308815"
10806,"GCA_000308575"
10814,"GCA_000320925"
10814,"GCA_013186535"
11062,"GCA_004134905"
11063,"GCA_013408555"
11064,"GCA_007992115"
11086,"GCA_000720335"
11112,"GCA_004137255"
11113,"GCA_015070375"
11115,"GCA_004137235"
11116,"GCA_000426525"
11120,"GCA_000422825"
11121,"GCA_021083185"
11124,"GCA_013409625"
11125,"GCA_013409965"
11125,"GCA_013466785"
11126,"GCA_013408145"
11130,"GCA_003047265"
11131,"GCA_014635145"
11131,"GCA_004777465"
11135,"GCA_016907435"
11135,"GCA_015070765"
11135,"GCA_015339545"
11140,"GCA_015352445"
11143,"GCA_001653335"
11144,"GCA_003047295"
11145,"GCA_004912195"
11146,"GCA_006494775"
11148,"GCA_013408415"
11153,"GCA_900112035"
11153,"GCA_002836395"
11153,"GCA_021083255"
11155,"GCA_003194585"
11157,"GCA_900101465"
11157,"GCA_013409225"
11217,"GCA_000341025"
11236,"GCA_014651735"
11262,"GCA_006717075"
11272,"GCA_900129155"
11274,"GCA_026191375"
11277,"GCA_900112235"
11279,"GCA_000686905"
11282,"GCA_000422765"
11283,"GCA_900156635"
11283,"GCA_001305295"
11284,"GCA_000691225"
11293,"GCA_004341165"
11296,"GCA_900111095"
11296,"GCA_024347255"
11297,"GCA_012295615"
11297,"GCA_000153565"
11298,"GCA_900156675"
11308,"GCA_001584145"
11324,"GCA_000427785"
11325,"GCA_004322755"
11325,"GCA_014651415"
11326,"GCA_004209755"
11327,"GCA_014651435"
11327,"GCA_004421005"
11328,"GCA_009727155"
11328,"GCA_014651395"
11335,"GCA_000382345"
11340,"GCA_009789595"
11340,"GCA_007830495"
11342,"GCA_900116645"
11365,"GCA_001267925"
11366,"GCA_001571165"
11366,"GCA_001189955"
11367,"GCA_001189965"
11372,"GCA_015352955"
11375,"GCA_013377855"
11401,"GCA_000430625"
11439,"GCA_003710985"
11445,"GCA_029525555"
11448,"GCA_000378425"
11451,"GCA_004564235"
11452,"GCA_017874075"
11452,"GCA_014212135"
11453,"GCA_014212175"
11563,"GCA_017873605"
11575,"GCA_003994475"
11578,"GCA_000374825"
11579,"GCA_000377505"
11580,"GCA_022427145"
11584,"GCA_021532375"
11585,"GCA_003217495"
11586,"GCA_013359935"
11587,"GCA_014192015"
11589,"GCA_014192105"
11599,"GCA_000422445"
11601,"GCA_000757885"
11603,"GCA_003626695"
11604,"GCA_000425125"
11607,"GCA_004000865"
11610,"GCA_004001085"
11610,"GCA_000422485"
11612,"GCA_004000745"
11615,"GCA_000426545"
11616,"GCA_004000905"
11620,"GCA_000612505"
11624,"GCA_021532315"
11625,"GCA_000381905"
11626,"GCA_013359905"
11632,"GCA_000380965"
11635,"GCA_000422465"
11636,"GCA_003583765"
11647,"GCA_014645615"
11648,"GCA_001637205"
11656,"GCA_018966525"
11656,"GCA_900110315"
11657,"GCA_900100345"
11660,"GCA_017873765"
11666,"GCA_000227705"
11667,"GCA_000585395"
11667,"GCA_000585395"
11668,"GCA_014645255"
11668,"GCA_000378145"
11765,"GCA_000021925"
11780,"GCA_900100785"
11828,"GCA_000214435"
11829,"GCA_900113335"
11831,"GCA_000430885"
11832,"GCA_900129895"
11832,"GCA_000315365"
11835,"GCA_004369205"
11836,"GCA_004369225"
11840,"GCA_000376385"
11847,"GCA_000147675"
11851,"GCA_900142235"
11861,"GCA_014138635"
11861,"GCA_014138625"
11862,"GCA_014207495"
11866,"GCA_900113935"
11868,"GCA_024105735"
11870,"GCA_000154705"
11871,"GCA_000615975"
11872,"GCA_019891395"
11894,"GCA_900114255"
11897,"GCA_011317445"
11908,"GCA_000349205"
11909,"GCA_900141795"
11910,"GCA_000227665"
11913,"GCA_000934765"
11923,"GCA_000526715"
11925,"GCA_000483485"
11931,"GCA_000381085"
11931,"GCA_000381085"
11933,"GCA_000384235"
11942,"GCA_000196115"
11945,"GCA_000255655"
11945,"GCA_945862235"
11945,"GCA_945869955"
11945,"GCA_945876035"
11945,"GCA_945902765"
11945,"GCA_945908225"
11946,"GCA_000255705"
11946,"GCA_945906165"
11960,"GCA_003428865"
11960,"GCA_007004625"
11960,"GCA_001856085"
11998,"GCA_004367585"
12009,"GCA_900101985"
12010,"GCA_900109165"
12011,"GCA_000348905"
12496,"GCA_000183135"
12498,"GCA_000156495"
12498,"GCA_025151045"
12501,"GCA_000969825"
12501,"GCA_000428565"
12502,"GCA_900168155"
12513,"GCA_000375645"
12513,"GCA_000615615"
12514,"GCA_000380985"
12518,"GCA_000512915"
12519,"GCA_000296465"
12521,"GCA_000243215"
12522,"GCA_000379665"
12523,"GCA_000519105"
12523,"GCA_025148635"
12524,"GCA_013409575"
12538,"GCA_000185845"
12539,"GCA_000613445"
12539,"GCA_003201715"
12540,"GCA_000191065"
12541,"GCA_000426585"
12541,"GCA_000613565"
12542,"GCA_000613625"
12542,"GCA_000146675"
12543,"GCA_019973315"
12543,"GCA_000218235"
12544,"GCA_000160535"
12547,"GCA_020735445"
12547,"GCA_009495405"
12547,"GCA_902167755"
12547,"GCA_000157935"
12547,"GCA_025151535"
12547,"GCA_026015395"
12548,"GCA_000235885"
12555,"GCA_000379965"
12555,"GCA_000613985"
12556,"GCA_000455445"
12556,"GCA_000430565"
12556,"GCA_000614005"
12557,"GCA_000382385"
12557,"GCA_000613965"
12558,"GCA_000373185"
12558,"GCA_000613605"
12560,"GCA_000759075"
12560,"GCA_000613925"
12562,"GCA_000378745"
12562,"GCA_000613765"
12563,"GCA_000613945"
12564,"GCA_000373705"
12564,"GCA_000614105"
12565,"GCA_000614065"
12566,"GCA_000614205"
12569,"GCA_000233955"
12570,"GCA_900683745"
12570,"GCA_000205165"
12581,"GCA_001570825"
12581,"GCA_004519295"
12582,"GCA_014803435"
12582,"GCA_004114655"
12609,"GCA_004216535"
12636,"GCA_003030305"
12636,"GCA_008728435"
12636,"GCA_004136195"
12636,"GCA_006739385"
12636,"GCA_000730485"
12636,"GCA_000472405"
12659,"GCA_000426605"
12666,"CP019607"
12668,"GCA_900103275"
12671,"GCA_000421525"
12701,"GCA_000238395"
12702,"GCA_900116435"
12800,"GCA_001457615"
12800,"GCA_001045685"
12800,"GCA_001042925"
12800,"GCA_900167195"
12800,"GCA_005893145"
12800,"GCA_000615485"
12800,"GCA_012987025"
12800,"GCA_008801675"
12800,"GCA_022496575"
12800,"GCA_024169805"
12851,"GCA_900215245"
12851,"GCA_900475215"
12851,"GCA_002091595"
12851,"GCA_001269845"
12851,"GCA_003417575"
12851,"GCA_007858165"
12851,"GCA_002943685"
12966,"GCA_002355475"
12966,"GCA_000262065"
13105,"GCA_012985915"
13105,"GCA_900102665"
13114,"GCA_900110795"
13114,"GCA_000759445"
13115,"GCA_900113905"
13115,"GCA_008801645"
13124,"GCA_000425625"
13125,"GCA_900114765"
13125,"GCA_001989375"
13130,"GCA_900099645"
13130,"GCA_012986145"
13131,"GCA_900115555"
13146,"GCA_001310775"
13146,"GCA_001431585"
13153,"GCA_900187975"
13153,"GCA_900099945"
13161,"GCA_900113745"
13162,"GCA_900116605"
13163,"GCA_007830155"
13164,"GCA_900099785"
13169,"GCA_900105255"
13172,"GCA_900110925"
13175,"GCA_000421765"
13176,"GCA_000410875"
13180,"GCA_000425785"
13186,"GCA_900105005"
13493,"GCA_024171885"
13564,"GCA_000380505"
13565,"GCA_900129325"
13566,"GCA_026344005"
13630,"GCA_014280875"
13630,"GCA_011045155"
13633,"GCA_003985135"
13633,"GCA_014196235"
13635,"GCA_900094585"
13638,"GCA_002968635"
13639,"GCA_003240585"
13640,"GCA_000732195"
13647,"GCA_014196515"
13648,"GCA_017873095"
13652,"GCA_900102905"
13652,"GCA_003001835"
13655,"GCA_000429765"
13656,"GCA_003034985"
13656,"GCA_003254335"
13660,"GCA_900100085"
13662,"GCA_000018145"
13664,"GCA_900113265"
13664,"GCA_001403735"
13666,"GCA_001458315"
13666,"GCA_900141945"
13667,"GCA_900113875"
13668,"GCA_900116765"
13668,"GCA_003149265"
13670,"GCA_000473165"
13671,"GCA_000473225"
13672,"GCA_900114485"
13673,"GCA_000382265"
13674,"GCA_900110065"
13678,"GCA_900102015"
13682,"GCA_900114125"
13682,"GCA_001049735"
13682,"GCA_001404155"
13684,"GCA_022788655"
13684,"GCA_022788655"
13688,"GCA_000688295"
13688,"GCA_014645095"
13692,"GCA_000382365"
13727,"GCA_003594815"
13727,"GCA_028553885"
13728,"GCA_028553805"
13729,"GCA_900101865"
13731,"GCA_000473105"
13732,"GCA_000473145"
13733,"GCA_000473205"
13734,"GCA_000473325"
13736,"GCA_900114245"
13737,"GCA_001310815"
13737,"GCA_900116575"
13747,"GCA_004343075"
13748,"GCA_003046545"
13748,"GCA_016653305"
13750,"GCA_003053725"
13751,"GCA_004339675"
13752,"GCA_004343505"
13759,"GCA_000521865"
13769,"GCA_001307765"
13769,"GCA_900116725"
13770,"GCA_000768555"
13772,"GCA_900109555"
13774,"GCA_000442315"
13777,"GCA_000600335"
13778,"GCA_017872975"
13785,"GCA_001681735"
13786,"GCA_900106635"
13786,"GCA_001681715"
13787,"GCA_003003215"
13788,"GCA_900101475"
13790,"GCA_000442255"
13795,"GCA_900113435"
13797,"GCA_900103185"
13798,"GCA_900116285"
13823,"GCA_900156655"
13823,"GCA_003053525"
13824,"GCA_900188265"
13825,"GCA_003046325"
13825,"GCA_001720585"
13826,"GCA_900113405"
13826,"GCA_900172315"
13829,"GCA_000590925"
13830,"GCA_004346865"
13832,"GCA_000429365"
13832,"GCA_014653505"
13833,"GCA_900099935"
13835,"GCA_002906165"
13836,"GCA_000158095"
13839,"GCA_014645075"
13839,"GCA_000836695"
13839,"GCA_000379485"
13840,"GCA_900115595"
13841,"GCA_900112335"
13842,"GCA_001458375"
13842,"GCA_900176475"
13843,"GCA_900112515"
13843,"GCA_001458415"
13843,"GCA_028023755"
13844,"GCA_900106695"
13845,"GCA_019966495"
13847,"GCA_005518135"
13848,"GCA_900113345"
13849,"GCA_000423645"
13851,"GCA_002115725"
13853,"GCA_900499075"
13854,"GCA_003051025"
13854,"GCA_900101505"
13855,"GCA_900113955"
13856,"GCA_900156525"
13857,"GCA_003253995"
13858,"GCA_000442275"
13861,"GCA_003254175"
13861,"GCA_900114135"
13861,"GCA_001550085"
13865,"GCA_001890925"
13865,"GCA_003254185"
13868,"GCA_011762095"
13872,"GCA_025961475"
13876,"GCA_000688515"
13878,"GCA_000496075"
13889,"GCA_000429605"
13893,"GCA_016858125"
13902,"GCA_004341885"
13904,"GCA_009827055"
13905,"GCA_022899355"
13905,"GCA_025656855"
13906,"GCA_014203155"
13921,"GCA_001591165"
13931,"GCA_902813185"
13931,"GCA_007844305"
13936,"GCA_000373965"
13946,"GCA_000426505"
13947,"GCA_014904795"
13962,"GCA_014197795"
13963,"GCA_014197915"
13966,"GCA_000300235"
13966,"GCA_900156715"
13968,"GCA_011927685"
14000,"GCA_001305595"
14000,"GCA_000960825"
14021,"GCA_900102465"
14023,"GCA_000686045"
14023,"GCA_000686045"
14024,"GCA_000420625"
14025,"GCA_900188055"
14026,"GCA_014861485"
14027,"GCA_000963705"
14031,"GCA_000374505"
14031,"GCA_025145285"
14032,"GCA_000210575"
14033,"GCA_000231275"
14033,"GCA_025144995"
14036,"GCA_000014185"
14036,"GCA_019448335"
14042,"GCA_002564005"
14046,"GCA_000379805"
14049,"GCA_900110645"
14050,"GCA_000092825"
14052,"GCA_000185725"
14072,"GCA_023283765"
14073,"GCA_023284065"
14074,"GCA_000018025"
14075,"GCA_023284045"
14076,"GCA_023284025"
14077,"GCA_023284005"
14078,"GCA_000019185"
14080,"GCA_003966225"
14081,"GCA_003966265"
14084,"GCA_014647135"
14084,"GCA_023283665"
14085,"GCA_023349125"
14088,"GCA_000423665"
14090,"GCA_000024985"
14099,"GCA_900129215"
14100,"GCA_900100705"
14101,"GCA_900111825"
14104,"GCA_900113525"
14105,"GCA_900107535"
14106,"GCA_004362245"
14107,"GCA_004362715"
14108,"GCA_900182595"
14109,"GCA_900103665"
14110,"GCA_003664035"
14110,"GCA_004402005"
14111,"GCA_900176505"
14112,"GCA_000708285"
14113,"GCA_000258495"
14114,"GCA_000422945"
14115,"GCA_000425145"
14116,"GCA_004339765"
14128,"GCA_008124885"
14129,"GCA_900116225"
14130,"GCA_004342685"
14131,"GCA_011046555"
14131,"GCA_900107985"
14132,"GCA_900168125"
14133,"GCA_003633615"
14134,"GCA_000166195"
14134,"GCA_000166195"
14135,"GCA_003148845"
14136,"GCA_900112315"
14137,"GCA_900168055"
14138,"GCA_900109575"
14140,"GCA_900182575"
14152,"GCA_000767465"
14152,"GCA_000235975"
14155,"GCA_014199635"
14155,"GCA_007830315"
14162,"GCA_900168325"
14164,"GCA_000429005"
14165,"GCA_014645195"
14167,"GCA_000420765"
14167,"GCA_945860695"
14167,"GCA_945866105"
14167,"GCA_945878055"
14167,"GCA_945882885"
14167,"GCA_945891395"
14167,"GCA_945891635"
14167,"GCA_945902035"
14167,"GCA_945907285"
14192,"GCA_000445105"
14193,"GCA_011762025"
14194,"GCA_014197035"
14195,"GCA_000445065"
14196,"GCA_900100475"
14232,"GCA_014199595"
14232,"GCA_017052455"
14239,"GCA_004135605"
14239,"GCA_014196135"
14241,"GCA_000427645"
14242,"GCA_022664435"
14243,"GCA_014199625"
14245,"GCA_001591025"
14246,"GCA_002091475"
14249,"GCA_002197665"
14250,"GCA_014196255"
14250,"GCA_017052355"
14252,"GCA_000585415"
14253,"GCA_011927725"
14254,"GCA_003034225"
14256,"GCA_000512205"
14257,"GCA_010450875"
14257,"GCA_011762035"
14259,"GCA_011762085"
14260,"GCA_022664465"
14261,"GCA_000974765"
14262,"GCA_900167915"
14263,"GCA_014653575"
14264,"GCA_900115745"
14269,"GCA_014490665"
14269,"GCA_025370095"
14270,"GCA_009755815"
14271,"GCA_900177405"
14280,"GCA_000420305"
14284,"GCA_002374275"
14284,"GCA_900177755"
14287,"GCA_002205675"
14287,"GCA_014645635"
14295,"GCA_014199685"
14296,"GCA_003012815"
14297,"GCA_004361835"
14297,"GCA_014645395"
14298,"GCA_014195685"
14298,"GCA_026157185"
14299,"GCA_003385775"
14308,"GCA_003606285"
14310,"GCA_014205885"
14313,"GCA_014205895"
14324,"GCA_000219725"
14336,"GCA_000378205"
14337,"GCA_000426705"
14339,"GCA_008329945"
14349,"GCA_017161325"
14404,"GCA_000246965"
14404,"GCA_000377985"
14405,"GCA_014647035"
14413,"GCA_000425825"
14415,"GCA_017873755"
14415,"GCA_014635205"
14416,"GCA_014635225"
14416,"GCA_014207425"
14431,"GCA_000712035"
14665,"GCA_002902085"
14665,"GCA_000235645"
14674,"GCA_002902145"
14847,"GCA_012843165"
14879,"GCA_000744815"
15209,"GCA_014647975"
16024,"GCA_028401405"
16401,"GCA_000372745"
16427,"GCA_004348415"
16471,"GCA_017874715"
16490,"GCA_028657175"
16491,"GCA_007829885"
16492,"GCA_900111245"
16492,"GCA_003265665"
16556,"GCA_900108335"
16584,"GCA_016862895"
16585,"GCA_016863295"
16618,"GCA_900113865"
16638,"GCA_000188195"
16679,"GCA_003751385"
16688,"GCA_001311885"
16690,"GCA_000983115"
16698,"GCA_001562425"
16711,"GCA_007990975"
16711,"GCA_003574035"
16732,"GCA_000421625"
16733,"GCA_014647535"
16790,"GCA_003368535"
16798,"GCA_001485475"
16810,"GCA_001950255"
16822,"GCA_002995755"
16847,"GCA_900129115"
16851,"GCA_900129075"
16889,"GCA_000217795"
16890,"GCA_000421585"
16897,"GCA_001652585"
16902,"GCA_900142995"
16999,"GCA_000374305"
17012,"GCA_024055795"
17033,"GCA_000017545"
17038,"GCA_004117075"
17038,"GCA_900100515"
17042,"GCA_900129175"
17044,"GCA_016908145"
17048,"GCA_002895565"
17051,"GCA_002924615"
17057,"GCA_900129985"
17068,"GCA_000016785"
17083,"GCA_900107695"
17084,"GCA_000621325"
17123,"GCA_000194985"
17124,"GCA_000242435"
17126,"GCA_010669225"
17127,"GCA_000378365"
17131,"GCA_900103535"
17147,"GCA_014201835"
17166,"GCA_000381005"
17167,"GCA_000169155"
17177,"GCA_000426745"
17205,"GCA_900102435"
17217,"GCA_001559595"
17218,"GCA_900167155"
17218,"GCA_002835505"
17226,"GCA_000425165"
17232,"GCA_003025615"
17233,"GCA_003025595"
17233,"GCA_001029455"
17234,"GCA_003025555"
17234,"GCA_004363665"
17245,"GCA_001996165"
17246,"GCA_001996005"
17299,"GCA_024346875"
17308,"GCA_024347415"
17312,"GCA_000426765"
17313,"GCA_024347515"
17314,"GCA_000711805"
17314,"GCA_024347095"
17340,"GCA_024347055"
17341,"GCA_006538565"
17341,"GCA_024346835"
17342,"GCA_024347075"
17343,"GCA_006538525"
17343,"GCA_024346935"
17351,"GCA_000400325"
17353,"GCA_002218025"
17355,"GCA_009811315"
17368,"GCA_900100015"
17369,"GCA_003544875"
17381,"GCA_003217475"
17407,"GCA_018390555"
17442,"GCA_900148505"
17442,"GCA_945898215"
17443,"GCA_900101825"
17444,"GCA_000743535"
17445,"GCA_000426365"
17445,"GCA_000747175"
17448,"GCA_000420545"
17448,"GCA_000747135"
17450,"GCA_001632775"
17453,"GCA_001010355"
17457,"GCA_004336905"
17458,"GCA_004322705"
17459,"GCA_001641285"
17461,"GCA_900109025"
17461,"GCA_900115705"
17465,"GCA_011759365"
17469,"GCA_022662575"
17470,"GCA_007859325"
17473,"GCA_004352845"
17473,"GCA_014645675"
17483,"GCA_000768345"
17484,"GCA_000768355"
17486,"GCA_000770795"
17489,"GCA_015453285"
17490,"GCA_000423325"
17490,"GCA_000769985"
17492,"GCA_900167055"
17498,"GCA_003382285"
17500,"GCA_007830115"
17504,"GCA_010093385"
17505,"GCA_010093445"
17506,"GCA_010093235"
17509,"GCA_010211745"
17511,"GCA_001431405"
17513,"GCA_010093345"
17514,"GCA_010093305"
17515,"GCA_000264295"
17518,"GCA_000264375"
17532,"GCA_900186865"
17532,"GCA_001997185"
17532,"GCA_001591205"
17532,"GCA_900113425"
17532,"GCA_025617355"
17623,"GCA_000375345"
17624,"GCA_000378125"
17625,"GCA_004343305"
17625,"GCA_004798975"
17625,"GCA_003732435"
17628,"GCA_000519325"
17634,"GCA_000717315"
17635,"GCA_000504285"
17636,"GCA_000024025"
17640,"GCA_900182585"
17646,"GCA_000185805"
17648,"GCA_004339575"
17650,"GCA_014230055"
17651,"GCA_000025905"
17655,"GCA_002216005"
17658,"GCA_000271305"
17661,"GCA_000711955"
17663,"GCA_001579945"
17664,"GCA_900215605"
17668,"GCA_000063445"
17679,"GCA_000154565"
17679,"GCA_025146135"
17679,"GCA_000154565"
17679,"GCA_025146135"
17689,"GCA_003020045"
17689,"GCA_000178115"
17692,"GCA_003814745"
17692,"GCA_900110045"
17693,"GCA_000969705"
17695,"GCA_002150685"
17695,"GCA_003387655"
17698,"GCA_900129785"
17699,"GCA_900115305"
17700,"GCA_000429425"
17702,"GCA_001313265"
17702,"GCA_900108085"
17704,"GCA_900112005"
17705,"GCA_003254055"
17706,"GCA_003259505"
17707,"GCA_900116615"
17708,"GCA_000429445"
17710,"GCA_000429465"
17711,"GCA_003253485"
17712,"GCA_900113375"
17714,"GCA_900176595"
17716,"GCA_000265405"
17716,"GCA_000265405"
17717,"GCA_000222485"
17718,"GCA_000325705"
17719,"GCA_014651455"
17719,"GCA_000373245"
17719,"GCA_014651455"
17719,"GCA_000373245"
17737,"GCA_028532485"
17738,"GCA_000375465"
17740,"GCA_000024005"
17747,"GCA_900168065"
17749,"GCA_900107795"
17750,"GCA_900129465"
17751,"GCA_003014755"
17752,"GCA_900109685"
17756,"GCA_000246855"
17756,"GCA_002077985"
17757,"GCA_900110245"
17757,"GCA_002077935"
17758,"GCA_000374125"
17759,"GCA_000243115"
17760,"GCA_000374045"
17762,"GCA_900129295"
17763,"GCA_002355595"
17763,"GCA_900156765"
17764,"GCA_000375425"
17765,"GCA_003254115"
17776,"GCA_000233775"
17777,"GCA_000266925"
17782,"GCA_000526375"
17783,"GCA_000585335"
17784,"GCA_000237805"
17785,"GCA_000177335"
17789,"GCA_003732545"
17795,"GCA_900142415"
17797,"GCA_000419585"
17798,"GCA_000284335"
17805,"GCA_000517065"
17816,"GCA_002201795"
17816,"GCA_900168165"
17817,"GCA_000220155"
17817,"GCA_900112795"
17819,"GCA_000258405"
17820,"GCA_000258425"
17829,"GCA_000250875"
17830,"GCA_000205025"
17838,"GCA_000975075"
17838,"GCA_013409005"
17839,"GCA_000974805"
17840,"GCA_000975035"
17841,"GCA_000975055"
17842,"GCA_900109245"
17842,"GCA_000759715"
17843,"GCA_000427095"
17854,"GCA_017873855"
17857,"GCA_000327485"
17858,"GCA_000375545"
17858,"GCA_000616065"
17859,"GCA_900101935"
17859,"GCA_001550055"
17864,"GCA_007990505"
17864,"GCA_000516535"
17865,"GCA_007990525"
17865,"GCA_000428965"
17866,"GCA_008327825"
17866,"GCA_000373045"
17867,"GCA_007990545"
17867,"GCA_000373345"
17879,"GCA_000378465"
17885,"GCA_000737325"
17886,"GCA_014191505"
17886,"GCA_001653095"
17887,"GCA_002798015"
17891,"GCA_003634695"
17899,"GCA_000377745"
17903,"GCA_016906995"
17904,"GCA_000422345"
17905,"GCA_000420325"
17906,"GCA_000305785"
17906,"GCA_000420285"
17910,"GCA_000153125"
17911,"GCA_003932505"
17913,"GCA_003688415"
17915,"GCA_002591915"
17915,"GCA_004363335"
17916,"GCA_003315245"
17917,"GCA_003634275"
17918,"GCA_004339015"
17932,"GCA_004362525"
17950,"GCA_001517285"
17950,"GCA_001418255"
17955,"GCA_006519715"
17964,"GCA_900142275"
17980,"GCA_900167165"
17983,"GCA_900142005"
18024,"GCA_000193435"
18028,"GCA_000166355"
18028,"GCA_000166355"
18029,"GCA_000166775"
18029,"GCA_000166775"
18033,"GCA_016908355"
18037,"GCA_002951815"
18040,"GCA_000184705"
18051,"GCA_000189775"
18078,"GCA_900107485"
18080,"GCA_000423525"
18094,"GCA_001547735"
18100,"GCA_000385565"
18115,"GCA_000702625"
18119,"GCA_025234635"
18132,"GCA_007988965"
18132,"GCA_014202625"
18133,"GCA_014207655"
18135,"GCA_000312445"
18136,"GCA_003148465"
18151,"GCA_000526155"
18152,"GCA_000733765"
18153,"GCA_000382285"
18154,"GCA_000426685"
18155,"GCA_000474945"
22898,"GCA_025685605"
22899,"GCA_000178955"
22899,"GCA_000178955"
22901,"GCA_000178975"
22901,"GCA_000178975"
22902,"GCA_016904675"
22906,"GCA_011927625"
22906,"GCA_014635265"
22907,"GCA_014652375"
22921,"GCA_900103955"
22925,"GCA_900109925"
22931,"GCA_000709085"
22934,"GCA_000966195"
22936,"GCA_000614145"
22936,"GCA_900129065"
22937,"GCA_900105315"
22938,"GCA_016107685"
22941,"GCA_014205685"
22942,"GCA_000698555"
22942,"GCA_014636375"
22946,"GCA_900109085"
22969,"GCA_004364155"
22982,"GCA_014192485"
22982,"GCA_003725335"
22982,"GCA_024623225"
22986,"GCA_007829035"
22990,"GCA_001293685"
22996,"GCA_009800925"
23003,"GCA_002811195"
23003,"GCA_002095465"
23005,"GCA_002095485"
23011,"GCA_002632755"
23016,"GCA_000518745"
23019,"GCA_900099815"
23024,"GCA_003385415"
23025,"GCA_001684965"
23028,"GCA_900141855"
23030,"GCA_900129455"
23031,"GCA_018476905"
23033,"GCA_900103975"
23035,"GCA_000722635"
23052,"GCA_000337355"
23064,"GCA_000265245"
23071,"GCA_013408925"
23074,"GCA_001438805"
23078,"GCA_003534205"
23082,"GCA_023167465"
23092,"GCA_007992195"
23092,"GCA_022179505"
23098,"GCA_900114935"
23098,"GCA_002844595"
23100,"GCA_000093025"
23126,"GCA_016863675"
23126,"GCA_900109115"
23126,"GCA_003253475"
23147,"GCA_016918095"
23150,"GCA_000971335"
23153,"GCA_001294205"
23164,"GCA_013409425"
23165,"GCA_006716315"
23172,"GCA_003710965"
23180,"GCA_900099765"
23182,"GCA_900112695"
23199,"GCA_014195585"
23225,"GCA_900115105"
23228,"GCA_900110875"
23228,"GCA_001623255"
23231,"GCA_900100725"
23231,"GCA_900116195"
23232,"GCA_900112745"
23234,"GCA_900110115"
23235,"GCA_900141995"
23239,"GCA_900102315"
23240,"GCA_900107015"
23241,"GCA_900111945"
23243,"GCA_003208435"
23250,"GCA_001746755"
23252,"GCA_018394335"
23252,"GCA_023283565"
23259,"GCA_006716645"
23259,"GCA_008690275"
23265,"GCA_001046635"
23266,"GCA_001519075"
23267,"GCA_000445125"
23271,"GCA_001046645"
23272,"GCA_008710155"
23273,"GCA_014199215"
23277,"GCA_003332855"
23284,"GCA_011926545"
23302,"GCA_001642695"
23303,"GCA_900116145"
23331,"GCA_003633725"
23332,"GCA_000725425"
23339,"GCA_003315205"
23340,"GCA_000940995"
23340,"GCA_003025515"
23341,"GCA_000400365"
23344,"GCA_000768335"
23347,"GCA_002077135"
23347,"GCA_004798955"
23348,"GCA_000240225"
23439,"GCA_000166275"
23440,"GCA_001701045"
23443,"GCA_016908415"
23450,"GCA_014202905"
23455,"GCA_001687335"
23457,"GCA_000210715"
23513,"GCA_003253705"
23525,"GCA_014118685"
23547,"GCA_000819725"
23706,"GCA_002117165"
23706,"GCA_003431885"
23706,"GCA_900100225"
23706,"GCA_000960265"
23706,"GCA_002117165"
23706,"GCA_003431885"
23706,"GCA_900100225"
23706,"GCA_000960265"
23707,"GCA_007830185"
23710,"GCA_002019635"
23737,"GCA_014647195"
23742,"GCA_900110345"
23745,"GCA_016908515"
23755,"GCA_900215625"
23756,"GCA_002200855"
23756,"GCA_000772965"
23759,"GCA_002200845"
23759,"GCA_000772955"
23760,"GCA_001278945"
23761,"GCA_000772945"
23761,"GCA_002200865"
23764,"GCA_000714935"
23765,"GCA_003337485"
23769,"GCA_014202575"
23770,"GCA_004341205"
23782,"GCA_014203215"
23792,"GCA_002259705"
23795,"GCA_009193135"
23808,"GCA_021729135"
23809,"GCA_013409065"
23809,"GCA_021729195"
23811,"GCA_003259955"
23817,"GCA_000698575"
23819,"GCA_006459125"
23819,"GCA_004116345"
23861,"GCA_000601455"
23868,"GCA_900113035"
23876,"GCA_001941485"
23877,"GCA_001274895"
23880,"GCA_900101885"
23883,"GCA_900112365"
23884,"GCA_900116885"
23884,"GCA_014651555"
23885,"GCA_007827295"
23885,"GCA_004339245"
23970,"GCA_028598485"
23998,"GCA_900111105"
24008,"GCA_900100175"
24011,"GCA_018736065"
24011,"GCA_007097495"
24011,"GCA_014207545"
24012,"GCA_000807855"
24014,"GCA_900106795"
24014,"GCA_900141955"
24017,"GCA_000789235"
24021,"GCA_003268855"
24023,"GCA_003385895"
24024,"GCA_001278115"
24024,"GCA_900115875"
24030,"GCA_900102925"
24030,"GCA_900106825"
24031,"GCA_900112295"
24031,"GCA_900142405"
24032,"GCA_900114085"
24035,"GCA_900113805"
24038,"GCA_900142785"
24039,"GCA_000708615"
24046,"GCA_000060345"
24046,"GCA_014642775"
24047,"GCA_900188355"
24048,"GCA_900188235"
24049,"GCA_900114005"
24051,"GCA_900119185"
24062,"GCA_014653095"
24062,"GCA_900112525"
24083,"GCA_900104065"
24088,"GCA_014647115"
24088,"GCA_017873775"
24101,"GCA_000242915"
24107,"GCA_022568795"
24109,"GCA_013409205"
24114,"GCA_900111375"
24127,"GCA_007991295"
24127,"GCA_001438865"
24127,"GCA_000349725"
24127,"GCA_001433815"
24130,"GCA_003946305"
24131,"GCA_000469325"
24132,"GCA_000829395"
24132,"GCA_001311505"
24132,"GCA_001437505"
24133,"GCA_001311525"
24133,"GCA_000740055"
24134,"GCA_003950295"
24135,"GCA_001888925"
24135,"GCA_000387565"
24135,"GCA_001437485"
24135,"GCA_004354615"
24139,"GCA_005405385"
24140,"GCA_003946025"
24150,"GCA_012396505"
24150,"GCA_023657345"
24151,"GCA_014397255"
24156,"GCA_000320505"
24159,"GCA_001602375"
24171,"GCA_003173335"
24173,"GCA_001043955"
24174,"GCA_014196345"
24175,"GCA_007992175"
24175,"GCA_022179265"
24177,"GCA_000733935"
24180,"GCA_014196425"
24181,"GCA_014645235"
24186,"GCA_900103805"
24186,"GCA_004402625"
24187,"GCA_007992355"
24187,"GCA_004402405"
24188,"GCA_007992455"
24188,"GCA_008017435"
24188,"GCA_023155775"
24207,"GCA_015751895"
24234,"GCA_002086165"
24234,"GCA_025822125"
24248,"GCA_900112345"
24250,"GCA_007992395"
24250,"GCA_900103935"
24251,"GCA_007992415"
24251,"GCA_900113685"
24280,"GCA_001700435"
24287,"GCA_005938195"
24294,"GCA_900102215"
24301,"GCA_001592105"
24302,"GCA_002724055"
24311,"GCA_004354915"
24335,"GCA_001939075"
24336,"GCA_900108035"
24338,"GCA_003634345"
24338,"GCA_000473955"
24343,"GCA_900187995"
24346,"GCA_900110855"
24433,"GCA_000498575"
24437,"GCA_900141925"
24438,"GCA_900142655"
24439,"GCA_900115715"
24440,"GCA_900102675"
24471,"GCA_014196455"
24484,"GCA_017873175"
24486,"GCA_003337715"
24489,"GCA_900188045"
24489,"GCA_000877395"
24490,"GCA_002797915"
24491,"GCA_900128995"
24494,"GCA_002087335"
24495,"GCA_003054175"
24495,"GCA_014637495"
24498,"GCA_007004645"
24500,"GCA_900115165"
24502,"GCA_900182615"
24503,"GCA_900106805"
24504,"GCA_003664205"
24504,"GCA_000192475"
24505,"GCA_900129345"
24507,"GCA_900129685"
24508,"GCA_900114415"
24510,"GCA_900115865"
24514,"GCA_900100005"
24516,"GCA_900110425"
24522,"GCA_000647975"
24523,"GCA_002796795"
24523,"GCA_900102795"
24525,"GCA_900111545"
24525,"GCA_900143155"
24534,"GCA_900100655"
24542,"GCA_014651855"
24551,"GCA_900177625"
24556,"GCA_014196495"
24566,"GCA_900188185"
24597,"GCA_004745855"
24597,"GCA_002902105"
24605,"GCA_000257765"
24651,"GCA_002207765"
24663,"GCA_900089845"
24667,"GCA_900156495"
24668,"GCA_014635325"
24669,"GCA_000747155"
24670,"GCA_000632805"
24670,"GCA_900100425"
24674,"GCA_007830035"
24675,"GCA_000559025"
24683,"GCA_014202825"
24683,"GCA_014202825"
24684,"GCA_014202935"
24718,"GCA_017377855"
24720,"GCA_004366575"
24720,"GCA_900148515"
24721,"GCA_900156785"
24722,"GCA_000265075"
24724,"GCA_004216715"
24725,"GCA_000330725"
24730,"GCA_900101095"
24735,"GCA_900101395"
24736,"GCA_000511175"
24737,"GCA_900167075"
24739,"GCA_900182705"
24744,"GCA_004366815"
24747,"GCA_003628755"
24747,"GCA_001571425"
24747,"GCA_001652705"
24747,"GCA_001678855"
24754,"GCA_000023025"
24757,"GCA_000379165"
24759,"GCA_000381645"
24761,"GCA_004341245"
24762,"GCA_002165625"
24762,"GCA_014636195"
24763,"GCA_003148745"
24770,"GCA_018141425"
24772,"GCA_003096335"
24772,"GCA_024622565"
24783,"GCA_000714435"
24783,"GCA_025234775"
24785,"GCA_000745455"
24787,"GCA_900129315"
24788,"GCA_900182555"
24794,"GCA_900129725"
24800,"GCA_014652315"
24801,"GCA_000279145"
24803,"GCA_004216915"
24814,"GCA_004341915"
24814,"GCA_000173075"
24820,"GCA_001975725"
130138,"GCA_003966655"
130138,"GCA_018854555"
130139,"GCA_025685415"
130201,"GCA_014636475"
130201,"GCA_017874135"
130226,"GCA_007828155"
130226,"GCA_900169175"
130227,"GCA_002934455"
130228,"GCA_900108945"
130271,"GCA_003149085"
130283,"GCA_016918545"
130318,"GCA_000300455"
130318,"GCA_900100995"
130339,"GCA_000827125"
130450,"GCA_000488215"
130501,"GCA_003752585"
130529,"GCA_014843825"
130530,"GCA_900099905"
130531,"GCA_003289945"
130532,"GCA_900103325"
130533,"GCA_014207355"
130575,"GCA_900105885"
130607,"GCA_900114675"
130608,"GCA_000466965"
130609,"GCA_003058085"
130609,"GCA_003337495"
130612,"GCA_002786295"
130613,"GCA_900112545"
130613,"GCA_900109195"
130619,"GCA_900156805"
130621,"GCA_019966515"
130622,"GCA_900142665"
130622,"GCA_014645335"
130623,"GCA_003634925"
130624,"GCA_900156535"
130625,"GCA_900109955"
130630,"GCA_900115035"
130630,"GCA_000715505"
130631,"GCA_003003255"
130633,"GCA_900188335"
130637,"GCA_900142185"
130639,"GCA_900129875"
130640,"GCA_002115805"
130640,"GCA_003002975"
130643,"GCA_003663885"
130644,"GCA_004365635"
130655,"GCA_001051995"
130670,"GCA_004152865"
130671,"GCA_014196635"
130672,"GCA_021403115"
130749,"GCA_003025495"
130765,"GCA_900107935"
130813,"GCA_000299915"
130824,"GCA_014652475"
130841,"GCA_014651515"
130847,"GCA_016905005"
130972,"GCA_004346135"
131144,"GCA_001439665"
131161,"GCA_003149185"
131163,"GCA_001403795"
131181,"GCA_001623405"
131249,"GCA_000614165"
131249,"GCA_900142015"
131250,"GCA_014199415"
131258,"GCA_900215575"
131261,"GCA_007996985"
131261,"GCA_007830535"
131261,"GCA_003337425"
131262,"GCA_014196795"
131263,"GCA_014652335"
131264,"GCA_900111145"
131264,"GCA_003633845"
131560,"GCA_003965815"
131684,"GCA_001643015"
132014,"GCA_018283645"
132082,"GCA_026108055"
132093,"GCA_002631205"
132093,"GCA_011927705"
132119,"GCA_000350525"
132150,"GCA_000599985"
132150,"GCA_003201455"
132152,"GCA_014199615"
132158,"GCA_000807275"
132158,"GCA_003182045"
132159,"GCA_014636865"
132342,"GCA_014646195"
132350,"GCA_014640335"
132350,"GCA_025685705"
132351,"GCA_025264625"
132354,"GCA_004123295"
132354,"GCA_014640355"
132356,"GCA_000876205"
132357,"GCA_018854775"
132358,"GCA_004346685"
132361,"GCA_014637085"
132362,"GCA_003946015"
132364,"GCA_001278705"
132365,"GCA_004114425"
132366,"GCA_002355735"
132372,"GCA_001707825"
132376,"GCA_014640535"
132376,"GCA_002096055"
132379,"GCA_007197885"
132382,"GCA_016908975"
132385,"GCA_016908875"
132387,"GCA_003710935"
132388,"GCA_002995785"
132389,"GCA_001750285"
132390,"GCA_014640555"
132391,"GCA_000016165"
132393,"GCA_001280875"
132395,"GCA_028539255"
132396,"GCA_003201285"
132396,"GCA_002251105"
132397,"GCA_001012825"
132403,"GCA_003014475"
132404,"GCA_900324475"
132414,"GCA_003751635"
132416,"GCA_009936215"
132417,"GCA_001956985"
132419,"GCA_003003005"
132428,"GCA_000264495"
132429,"GCA_001304615"
132430,"GCA_014395645"
132430,"GCA_014646175"
132433,"GCA_014640595"
132433,"GCA_008831085"
132436,"GCA_001043025"
132438,"GCA_001043055"
132446,"GCA_004364585"
132448,"GCA_017873955"
132449,"GCA_003628505"
132450,"GCA_003752155"
132451,"GCA_001421015"
132455,"GCA_014646215"
132456,"GCA_001005215"
132457,"GCA_002119425"
132465,"GCA_900115045"
132467,"GCA_900095795"
132468,"GCA_000825765"
132478,"GCA_003313305"
132480,"GCA_900107385"
132480,"GCA_001997295"
132483,"GCA_001678905"
132484,"GCA_004803505"
132486,"GCA_004366355"
132487,"GCA_001891165"
132488,"GCA_001517835"
132490,"GCA_001548275"
132514,"GCA_003725695"
132515,"GCA_003725535"
132517,"GCA_014198875"
132517,"GCA_013000925"
132517,"GCA_014202995"
132528,"GCA_900000005"
132529,"GCA_000342045"
132530,"GCA_001650715"
132531,"GCA_001650635"
132534,"GCA_004135055"
132547,"GCA_002993335"
132548,"GCA_016401385"
132550,"GCA_000520015"
132550,"GCA_000568195"
132569,"GCA_012979235"
132569,"GCA_010499435"
132573,"GCA_001183985"
132574,"GCA_014641615"
132575,"GCA_002003465"
132576,"GCA_001595645"
132579,"GCA_001293125"
132584,"GCA_014202875"
132586,"GCA_002156705"
132587,"GCA_017873965"
132588,"GCA_000949455"
132589,"GCA_018403665"
132596,"GCA_002218005"
132597,"GCA_004291315"
132609,"GCA_900177745"
132610,"GCA_001412615"
132611,"GCA_001660485"
132611,"GCA_009749365"
132619,"GCA_014639155"
132624,"GCA_004341725"
132635,"GCA_003945325"
132636,"GCA_014641595"
132637,"GCA_007971225"
132639,"GCA_001611555"
132640,"GCA_017874735"
132642,"GCA_004365595"
132642,"GCA_001563225"
132643,"GCA_001561915"
132646,"GCA_900070325"
132647,"GCA_001642325"
132649,"GCA_002903165"
132649,"GCA_014641295"
132650,"GCA_009755805"
132650,"GCA_014643515"
132650,"GCA_014199405"
132659,"GCA_014643175"
132659,"GCA_017152025"
132660,"GCA_014640975"
132663,"GCA_000964005"
132665,"GCA_029633915"
132676,"GCA_004143605"
132677,"GCA_002607855"
132679,"GCA_002844395"
132680,"GCA_018141405"
132680,"GCA_004345905"
132846,"GCA_001408515"
132885,"GCA_003385845"
132891,"GCA_003206155"
132910,"GCA_001078375"
132911,"GCA_900112225"
132915,"GCA_000600005"
132915,"GCA_022870965"
132956,"GCA_001683795"
132963,"GCA_014202275"
132964,"GCA_004217445"
132966,"GCA_001293565"
132969,"GCA_900018365"
132969,"GCA_001418685"
132970,"GCA_003050755"
132973,"GCA_003054055"
132975,"GCA_003144495"
132976,"GCA_014648035"
132976,"GCA_023283725"
132977,"GCA_014636635"
132978,"GCA_014196765"
132984,"GCA_001543325"
132986,"GCA_003385115"
132987,"GCA_003096815"
132988,"GCA_003353425"
132991,"GCA_023712105"
132992,"GCA_019670125"
132995,"GCA_001697185"
132997,"GCA_014196835"
132998,"GCA_014640455"
132998,"GCA_009712425"
132999,"GCA_001641615"
133002,"GCA_014197245"
133003,"GCA_004217115"
133007,"GCA_003096355"
133008,"GCA_004340665"
133008,"GCA_014643495"
133009,"GCA_003096835"
133010,"GCA_001277345"
133011,"GCA_016908855"
133013,"GCA_001661915"
133013,"GCA_014642495"
133014,"GCA_001661965"
133014,"GCA_014642595"
133018,"GCA_014643055"
133018,"GCA_013623905"
133020,"GCA_003576535"
133021,"GCA_900092135"
133022,"GCA_003327285"
133022,"GCA_014641475"
133023,"GCA_014138425"
133027,"GCA_013185185"
133027,"GCA_014635605"
133032,"GCA_014640655"
133033,"GCA_000688455"
133034,"GCA_014201885"
133046,"GCA_014652935"
133060,"GCA_900079995"
133061,"GCA_001672295"
133067,"GCA_017832095"
133068,"GCA_003815015"
133070,"GCA_000732725"
133070,"GCA_004345255"
133071,"GCA_017874835"
133071,"GCA_014212015"
133072,"GCA_016446285"
133073,"GCA_000934545"
133074,"GCA_001659725"
133078,"GCA_002896965"
133079,"GCA_016907475"
133079,"GCA_014779675"
133081,"GCA_013408295"
133083,"GCA_009733845"
133084,"GCA_002119805"
133085,"GCA_018398355"
133085,"GCA_014641535"
133085,"GCA_014201415"
133086,"GCA_004362745"
133088,"GCA_002174535"
133088,"GCA_016909025"
133090,"GCA_014639235"
133091,"GCA_001186155"
133092,"GCA_017874215"
133093,"GCA_001697225"
133094,"GCA_017874035"
133098,"GCA_001650695"
133099,"GCA_900096585"
133103,"GCA_016881145"
133103,"GCA_014640255"
133104,"GCA_014646375"
133120,"GCA_004765605"
133121,"GCA_001442615"
133122,"GCA_001715195"
133124,"GCA_001305575"
133125,"GCA_003344925"
133125,"GCA_004634185"
133140,"GCA_014640315"
133142,"GCA_002013915"
133144,"GCA_014635525"
133144,"GCA_014196695"
133145,"GCA_003991355"
133145,"GCA_003991355"
133145,"GCA_003991355"
133153,"GCA_014642405"
133154,"GCA_014196975"
133154,"GCA_014647335"
133154,"GCA_008830385"
133154,"GCA_014196975"
133154,"GCA_014647335"
133154,"GCA_008830385"
133156,"GCA_001598035"
133164,"GCA_014196845"
133164,"GCA_024105745"
133167,"GCA_010994455"
133167,"GCA_022899935"
133169,"GCA_009827615"
133173,"GCA_014641415"
133173,"GCA_002760665"
133174,"GCA_023702635"
133176,"GCA_001542405"
133177,"GCA_009763805"
133177,"GCA_001597655"
133179,"GCA_003368325"
133179,"GCA_014640695"
133179,"GCA_902859905"
133181,"GCA_013423785"
133189,"GCA_022352285"
133199,"GCA_014332695"
133200,"GCA_025631005"
133201,"GCA_003149515"
133203,"GCA_001623565"
133204,"GCA_002802965"
133206,"GCA_008124765"
133208,"GCA_013185195"
133210,"GCA_014642655"
133211,"GCA_001465875"
133213,"GCA_003148765"
133214,"GCA_009720775"
133216,"GCA_014642695"
133218,"GCA_001687475"
133219,"GCA_014640075"
133221,"GCA_004011805"
133222,"GCA_013240295"
133225,"GCA_014640815"
133228,"GCA_009827495"
133229,"GCA_003410055"
133230,"GCA_028607085"
133240,"GCA_014653115"
133242,"GCA_000231215"
133247,"GCA_003609575"
133248,"GCA_014692525"
133254,"GCA_017811155"
133261,"GCA_014784055"
133261,"GCA_002201315"
133264,"GCA_005930355"
133265,"GCA_001675045"
133267,"GCA_024029915"
133268,"GCA_001719065"
133268,"GCA_001719065"
133273,"GCA_014641855"
133273,"GCA_023283595"
133277,"GCA_008579105"
133277,"GCA_014647255"
133284,"GCA_014642795"
133284,"GCA_001642735"
133285,"GCA_026240905"
133287,"GCA_016937655"
133294,"GCA_003987475"
133297,"GCA_009828115"
133312,"GCA_014643595"
133314,"GCA_014648095"
133319,"GCA_001761465"
133319,"GCA_000735535"
133320,"GCA_014652675"
133322,"GCA_016734765"
133323,"GCA_004121055"
133324,"GCA_002104475"
133325,"GCA_004761875"
133326,"GCA_002741015"
133328,"GCA_900167475"
133329,"GCA_014206875"
133336,"GCA_001660705"
133336,"GCA_001660705"
133338,"GCA_001708305"
133338,"GCA_014643475"
133339,"GCA_003950325"
133340,"GCA_002197845"
133342,"GCA_008274805"
133343,"GCA_001854125"
133344,"GCA_014643535"
133345,"GCA_001758465"
133345,"GCA_014643555"
133346,"GCA_021295345"
133348,"GCA_004331955"
133360,"GCA_020026925"
133363,"GCA_001593385"
133367,"GCA_003258705"
133368,"GCA_003260975"
133371,"GCA_028746185"
133374,"GCA_014643455"
133375,"GCA_003986975"
133380,"GCA_001684335"
133383,"GCA_025685625"
133385,"GCA_019880245"
133386,"GCA_004519315"
133387,"GCA_005780245"
133387,"GCA_005780245"
133388,"GCA_022512515"
133393,"GCA_017254835"
133395,"GCA_001831475"
133395,"GCA_001686945"
133396,"GCA_007971385"
133397,"GCA_014643615"
133397,"GCA_014235875"
133400,"GCA_001742305"
133402,"GCA_014230085"
133403,"GCA_001704115"
133405,"GCA_002207865"
133408,"GCA_001650025"
133409,"GCA_013839445"
133410,"GCA_000503215"
133412,"GCA_001614315"
133415,"GCA_020687805"
133419,"GCA_000314975"
133421,"GCA_000948975"
133424,"GCA_021560015"
133425,"GCA_011927835"
133426,"GCA_004214835"
133427,"GCA_003987045"
133429,"GCA_003285015"
133431,"GCA_000300995"
133432,"GCA_014645355"
133434,"GCA_000243735"
133435,"GCA_011683915"
133437,"GCA_011317505"
133442,"GCA_007830055"
133444,"GCA_001562415"
133445,"GCA_001661675"
133446,"GCA_014192285"
133447,"GCA_024714495"
133448,"GCA_022513635"
133449,"GCA_000299935"
133451,"GCA_004363175"
133452,"GCA_014651915"
133453,"GCA_900129095"
133454,"GCA_900102885"
133456,"GCA_013184735"
133456,"GCA_012163145"
133461,"GCA_014284085"
133461,"GCA_014297365"
133464,"GCA_000614975"
133466,"GCA_900115255"
133467,"GCA_900116895"
133467,"GCA_003987405"
133470,"GCA_014645375"
133472,"GCA_900112145"
133474,"GCA_000380565"
133475,"GCA_900187185"
133481,"GCA_002238335"
133484,"GCA_900102145"
133484,"GCA_022556335"
133485,"GCA_009184425"
133486,"GCA_007830355"
133487,"GCA_003574045"
133488,"GCA_000963865"
133489,"GCA_903819445"
133489,"GCA_000735715"
133490,"GCA_900102135"
133491,"GCA_002088975"
133493,"GCA_009827515"
133494,"GCA_020480345"
133499,"GCA_900116425"
133504,"GCA_000591415"
133511,"GCA_016772475"
133511,"GCA_000316285"
133517,"GCA_900100975"
133519,"GCA_001190945"
133522,"GCA_900101895"
133523,"GCA_002086775"
133523,"GCA_010723675"
133523,"GCA_025821985"
133524,"GCA_002836945"
133524,"GCA_014651975"
133524,"GCA_003217175"
133524,"GCA_023283475"
133529,"GCA_004352855"
133534,"GCA_000974785"
133537,"GCA_002078015"
133541,"GCA_017051705"
133542,"GCA_000614025"
133551,"GCA_900100165"
133551,"GCA_007989005"
133551,"GCA_001686935"
133552,"GCA_900115585"
133553,"GCA_000236565"
133554,"GCA_000295935"
133555,"GCA_900110375"
133557,"GCA_001583435"
133557,"GCA_000722565"
133558,"GCA_001311925"
133561,"GCA_900114455"
133562,"GCA_000739775"
133563,"GCA_900108095"
133565,"GCA_001886695"
133565,"GCA_001010925"
133571,"GCA_014635245"
133572,"GCA_003074135"
133575,"GCA_014651955"
133575,"GCA_023349145"
133577,"GCA_001433995"
133577,"GCA_001313205"
133579,"GCA_007859075"
133579,"GCA_014645295"
133580,"GCA_014645495"
133582,"GCA_001431505"
133584,"GCA_003987355"
133585,"GCA_005402645"
133585,"GCA_003253565"
133586,"GCA_000684975"
133587,"GCA_007991635"
133588,"GCA_007991655"
133591,"GCA_900107665"
133595,"GCA_900100945"
133596,"GCA_900110105"
133598,"GCA_000769915"
133600,"GCA_014651535"
133602,"GCA_014200545"
133603,"GCA_900105165"
133605,"GCA_900129825"
133608,"GCA_006351005"
133612,"GCA_004363235"
133614,"GCA_014855495"
133615,"GCA_000763805"
133617,"GCA_001687545"
133618,"GCA_009827405"
133620,"GCA_002234615"
133622,"GCA_018500185"
133624,"GCA_014647095"
133625,"GCA_028553785"
133627,"GCA_900115225"
133633,"GCA_000300515"
133636,"GCA_018967645"
133636,"GCA_028743495"
133643,"GCA_003958635"
133644,"GCA_008124865"
133645,"GCA_900113605"
133649,"GCA_000154725"
133649,"GCA_000154725"
133650,"GCA_018324045"
133650,"GCA_001969305"
133655,"GCA_900107725"
133656,"GCA_900100355"
133657,"GCA_019670105"
133657,"GCA_000414175"
133659,"GCA_000019945"
133660,"GCA_007830595"
133660,"GCA_000755145"
133667,"GCA_003788635"
133669,"GCA_023156385"
133671,"GCA_000633575"
133675,"GCA_000981765"
133677,"GCA_009827295"
133680,"GCA_001202025"
133682,"GCA_014652195"
133684,"GCA_900112975"
133685,"GCA_900108015"
133686,"GCA_003987015"
133689,"GCA_900113485"
133692,"GCA_008933115"
133697,"GCA_000378625"
133699,"GCA_003992675"
133700,"GCA_001435505"
133702,"GCA_900115115"
133703,"GCA_011758745"
133706,"GCA_000302595"
133707,"GCA_014652135"
133709,"GCA_003797125"
133711,"GCA_002943755"
133723,"GCA_000974365"
133724,"GCA_003992615"
133725,"GCA_016735115"
133728,"GCA_900103505"
133742,"GCA_007830635"
133743,"GCA_014174215"
133744,"GCA_014174375"
133748,"GCA_001021555"
133748,"GCA_001013305"
133751,"GCA_000011905"
133752,"GCA_000517005"
133753,"GCA_009711185"
133755,"GCA_000315795"
133756,"GCA_900116065"
133757,"GCA_003987395"
133758,"GCA_009741375"
133761,"GCA_900142385"
133762,"GCA_025234795"
133763,"GCA_024128855"
133764,"GCA_014653435"
133769,"GCA_009758125"
133771,"GCA_003721245"
133772,"GCA_000331535"
133773,"GCA_002899945"
133774,"GCA_003610355"
133778,"GCA_029846315"
133781,"GCA_900107205"
133783,"GCA_020005165"
133787,"GCA_019823105"
133788,"GCA_008630635"
133788,"GCA_006148955"
133796,"GCA_009827995"
133800,"GCA_003217355"
133802,"GCA_000298295"
133803,"GCA_900218015"
133803,"GCA_003385925"
133804,"GCA_003387125"
133806,"GCA_026343955"
133807,"GCA_001441535"
133807,"GCA_003730315"
133809,"GCA_014651755"
133809,"GCA_003667545"
133810,"GCA_025574485"
133812,"GCA_025574465"
133814,"GCA_009827545"
133822,"GCA_019492335"
133823,"GCA_014652235"
133825,"GCA_000498495"
133825,"GCA_000769895"
133827,"GCA_900156415"
133828,"GCA_900103755"
133833,"GCA_900143065"
133834,"GCA_009720825"
133835,"GCA_002909255"
133836,"GCA_001708405"
133839,"GCA_001418105"
133840,"GCA_014196955"
133840,"GCA_000517545"
133843,"GCA_002105195"
133846,"GCA_002954685"
133846,"GCA_020532745"
133847,"GCA_001401755"
133848,"GCA_009835145"
133850,"GCA_000826655"
133851,"GCA_000307265"
133853,"GCA_000785105"
133854,"GCA_900102505"
133855,"GCA_900113275"
133855,"GCA_016082375"
133856,"GCA_900115085"
133859,"GCA_900110135"
133859,"GCA_001202015"
133861,"GCA_006148925"
133865,"GCA_003025005"
133867,"GCA_001202035"
133872,"GCA_015767265"
133873,"GCA_000466985"
133875,"GCA_000182745"
133879,"GCA_001550155"
133880,"GCA_002950575"
133882,"GCA_007556755"
133884,"GCA_028596025"
133892,"GCA_000300875"
133894,"GCA_000346615"
133895,"GCA_000427335"
133896,"GCA_014652215"
133897,"GCA_014635285"
133897,"GCA_013868145"
133898,"GCA_001466665"
133899,"GCA_002954325"
133902,"GCA_900100375"
133902,"GCA_007992475"
133909,"GCA_007992495"
133910,"GCA_002846395"
133912,"GCA_014636995"
133913,"GCA_002916695"
133914,"GCA_002283365"
133915,"GCA_000636015"
133915,"GCA_016461795"
133919,"GCA_014490485"
133920,"GCA_029625335"
133922,"GCA_003056345"
133923,"GCA_014636415"
133923,"GCA_004793635"
133923,"GCA_009806145"
133924,"GCA_016595465"
133925,"GCA_900104245"
133927,"GCA_010975035"
133929,"GCA_019192965"
133930,"GCA_007830455"
133931,"GCA_002814075"
133933,"GCA_000350145"
133934,"GCA_000348785"
133943,"GCA_003584105"
133944,"GCA_022865105"
133944,"GCA_026157155"
133945,"GCA_900104265"
133949,"GCA_003788585"
133953,"GCA_900115155"
133955,"GCA_000258765"
133956,"GCA_000503895"
133958,"GCA_015352985"
133960,"GCA_900116665"
133961,"GCA_001563495"
133962,"GCA_000603945"
133964,"GCA_008304605"
133964,"GCA_017874935"
133966,"GCA_009735585"
133968,"GCA_902859775"
133970,"GCA_000960975"
133971,"GCA_007992435"
133974,"GCA_001544515"
133975,"GCA_001544475"
133976,"GCA_001544495"
133977,"GCA_000812025"
133977,"GCA_011751085"
133978,"GCA_007992075"
133979,"GCA_900108395"
133982,"GCA_016909185"
133983,"GCA_000011365"
133983,"GCA_001642675"
133984,"GCA_900141715"
133984,"GCA_000283015"
133985,"GCA_900115905"
133988,"GCA_900113695"
133990,"GCA_014635985"
133990,"GCA_017874975"
133992,"GCA_018449405"
133994,"GCA_025532125"
133997,"GCA_003259835"
133998,"GCA_027474845"
133999,"GCA_003259935"
134000,"GCA_003574655"
134004,"GCA_014192395"
134005,"GCA_000566685"
134006,"GCA_003386535"
134011,"GCA_003386205"
134013,"GCA_025961205"
134016,"GCA_001442625"
134017,"GCA_014174395"
134018,"GCA_014174155"
134019,"GCA_014174275"
134023,"GCA_025562755"
134024,"GCA_025562715"
134028,"GCA_000731955"
134032,"GCA_021311115"
134033,"GCA_003605195"
134036,"GCA_014652355"
134039,"GCA_014636495"
134043,"GCA_026157105"
134044,"GCA_024721605"
134055,"GCA_016888515"
134059,"GCA_029625315"
134060,"GCA_004368925"
134060,"GCA_009807485"
134060,"GCA_009830375"
134061,"GCA_005405445"
134065,"GCA_001045465"
134069,"GCA_007995015"
134072,"GCA_014647215"
134072,"GCA_023283685"
134080,"GCA_016595525"
134085,"GCA_900106945"
134086,"GCA_900114775"
134087,"GCA_001637225"
134089,"GCA_009725985"
134090,"GCA_009725995"
134091,"GCA_018728565"
134092,"GCA_009827445"
134095,"GCA_007989445"
134098,"GCA_023283925"
134099,"GCA_023349185"
134103,"GCA_001311805"
134110,"GCA_000527095"
134118,"GCA_008364795"
134119,"GCA_009828095"
134120,"GCA_000015725"
134125,"GCA_008086205"
134126,"GCA_008086185"
134127,"GCA_008086175"
134128,"GCA_007997295"
134131,"GCA_004115975"
134132,"GCA_007997285"
134138,"GCA_001592935"
134139,"GCA_001598255"
134140,"GCA_000238255"
134145,"GCA_000190755"
134146,"GCA_001854475"
134147,"GCA_003290265"
134150,"GCA_001050135"
134150,"GCA_001050135"
134152,"GCA_023283895"
134153,"GCA_010500915"
134161,"GCA_002117125"
134164,"GCA_900445435"
134165,"GCA_026248825"
134166,"GCA_000337515"
134174,"GCA_002117085"
134176,"GCA_014646655"
134179,"GCA_014644735"
134181,"GCA_003012795"
134184,"GCA_014646675"
134186,"GCA_013402795"
134187,"GCA_000826645"
134191,"GCA_009392895"
134195,"GCA_017814435"
134197,"GCA_009617915"
134197,"GCA_000614865"
134197,"GCA_000621705"
134201,"GCA_020105915"
134201,"GCA_000337475"
134202,"GCA_017352095"
134204,"GCA_007567505"
134206,"GCA_002005305"
134207,"GCA_000014885"
134209,"GCA_002282855"
134212,"GCA_900172235"
134213,"GCA_022179345"
134214,"GCA_028561565"
134216,"GCA_003207935"
134216,"GCA_001938755"
134217,"GCA_009711405"
134220,"GCA_003413745"
134222,"GCA_013204795"
134224,"GCA_003605125"
134224,"GCA_019655175"
134225,"GCA_019655235"
134225,"GCA_023283485"
134226,"GCA_012037625"
134228,"GCA_023721415"
134231,"GCA_014651615"
134232,"GCA_025961225"
134233,"GCA_001438825"
134233,"GCA_007992035"
134233,"GCA_001434585"
134234,"GCA_001575215"
134236,"GCA_001281485"
134237,"GCA_900114375"
134238,"GCA_000613725"
134242,"GCA_014651595"
134244,"GCA_000420245"
134245,"GCA_000940955"
134246,"GCA_016595505"
134247,"GCA_014230145"
134249,"GCA_002128425"
134251,"GCA_900129865"
134254,"GCA_900111555"
134262,"GCA_016595555"
134262,"GCA_014651635"
134269,"GCA_000214595"
134272,"GCA_002205845"
134273,"GCA_026712205"
134277,"GCA_014192155"
134277,"GCA_002205615"
134278,"GCA_020991125"
134282,"GCA_011074795"
134283,"GCA_023061175"
134285,"GCA_900111785"
134285,"GCA_000763905"
134289,"GCA_000614935"
134290,"GCA_001312265"
134290,"GCA_001043885"
134290,"GCA_001653715"
134296,"GCA_002744735"
134302,"GCA_002067135"
134304,"GCA_000616095"
134307,"GCA_000016745"
134311,"GCA_900114925"
134317,"GCA_000158915"
134318,"GCA_008806755"
134323,"GCA_001420285"
134324,"GCA_003313335"
134325,"GCA_007991355"
134326,"GCA_026183675"
134327,"GCA_016595415"
134329,"GCA_014651675"
134331,"GCA_016595435"
134337,"GCA_900207575"
134338,"GCA_900109605"
134339,"GCA_900217815"
134340,"GCA_000337175"
134341,"GCA_003581615"
134342,"GCA_900094545"
134346,"GCA_001043175"
134347,"GCA_007830445"
134350,"GCA_001642835"
134352,"GCA_023283885"
134354,"GCA_014645175"
134354,"GCA_003259225"
134355,"GCA_002723975"
134357,"GCA_000428725"
134359,"GCA_900108215"
134361,"GCA_003675385"
134368,"GCA_000381785"
134368,"GCA_024347275"
134369,"GCA_014646975"
134369,"GCA_003858655"
134371,"GCA_016836705"
139044,"GCA_014652895"
139755,"GCA_014202115"
139784,"GCA_002934045"
139940,"GCA_002797675"
140034,"GCA_000296695"
140086,"GCA_001888185"
140094,"GCA_014138555"
140094,"GCA_014644335"
140138,"GCA_017883985"
140139,"GCA_017311475"
140139,"GCA_014197015"
140140,"GCA_003989135"
140143,"GCA_900095135"
140146,"GCA_014638845"
140167,"GCA_003387355"
140168,"GCA_001580045"
140229,"GCA_001573155"
140238,"GCA_013201685"
140238,"GCA_900063025"
140254,"GCA_014190805"
140255,"GCA_014641575"
140255,"GCA_014196715"
140262,"GCA_003057965"
140264,"GCA_008014775"
140265,"GCA_016908775"
140266,"GCA_013618945"
140266,"GCA_003570705"
140267,"GCA_004345265"
140268,"GCA_003402615"
140268,"GCA_004346095"
140273,"GCA_017161305"
140273,"GCA_014201975"
140275,"GCA_001618865"
140279,"GCA_001027865"
140279,"GCA_022870905"
140280,"GCA_003843835"
140281,"GCA_003967275"
140281,"GCA_004346085"
140287,"GCA_001687305"
140290,"GCA_001907245"
140293,"GCA_004345705"
140297,"GCA_004766045"
140298,"GCA_001968985"
140299,"GCA_001439845"
140300,"GCA_001439735"
140306,"GCA_004342005"
140307,"GCA_029632765"
140309,"GCA_006346315"
140310,"GCA_009299485"
140311,"GCA_014653695"
140312,"GCA_014635685"
140314,"GCA_001565895"
140319,"GCA_014202035"
140319,"GCA_014984185"
140320,"GCA_002351485"
140321,"GCA_003428165"
140321,"GCA_014643575"
140322,"GCA_012932215"
140337,"GCA_009192725"
140342,"GCA_017565705"
140343,"GCA_013408305"
140352,"GCA_003515685"
140353,"GCA_002933875"
140354,"GCA_001685015"
140355,"GCA_001439605"
140356,"GCA_014635905"
140357,"GCA_001907975"
140358,"GCA_014641655"
140359,"GCA_013185915"
140360,"GCA_009688965"
140361,"GCA_009688945"
140372,"GCA_014646495"
140372,"GCA_002072175"
140375,"GCA_011927795"
140383,"GCA_014138495"
140408,"GCA_016909075"
140409,"GCA_002583405"
140410,"GCA_002217985"
140414,"GCA_008830225"
140420,"GCA_900231835"
140422,"GCA_004001245"
140426,"GCA_002042885"
140458,"GCA_003426055"
140461,"GCA_008087665"
140461,"GCA_001642875"
140462,"GCA_001953175"
140465,"GCA_002075885"
140466,"GCA_001908095"
140467,"GCA_001908105"
140471,"GCA_001879695"
140477,"GCA_015475875"
140479,"GCA_001939735"
140482,"GCA_002211445"
140483,"GCA_000818395"
140486,"GCA_009910675"
140492,"GCA_014640635"
140492,"GCA_014652735"
140500,"GCA_002554795"
140501,"GCA_005281475"
140501,"GCA_014642715"
140504,"GCA_001632745"
140505,"GCA_001644645"
140506,"GCA_902859705"
140507,"GCA_902859595"
140508,"GCA_902859625"
140509,"GCA_900496965"
140511,"GCA_024753285"
140512,"GCA_000756665"
140524,"GCA_002005145"
140525,"GCA_001936475"
140529,"GCA_013204885"
140530,"GCA_024125445"
140532,"GCA_003986955"
140534,"GCA_001940525"
140539,"GCA_001831495"
140539,"GCA_001652445"
140540,"GCA_025717515"
140543,"GCA_001676655"
140554,"GCA_900102085"
140555,"GCA_003315775"
140556,"GCA_009711125"
140557,"GCA_001886915"
140558,"GCA_003966145"
140562,"GCA_001747085"
140566,"GCA_000690595"
140568,"GCA_014635825"
140570,"GCA_002270055"
140573,"GCA_003605405"
140586,"GCA_014642675"
140592,"GCA_008806325"
140595,"GCA_005049105"
140595,"GCA_014643675"
140599,"GCA_019968605"
140601,"GCA_014641695"
140602,"GCA_013201605"
140602,"GCA_001705345"
140604,"GCA_012395255"
140605,"GCA_014201555"
140605,"GCA_000761445"
140606,"GCA_001704615"
140608,"GCA_010977555"
140608,"GCA_014645055"
140612,"GCA_003006155"
140618,"GCA_014642755"
140618,"GCA_003614185"
140622,"GCA_002104535"
140624,"GCA_002355275"
140626,"GCA_001653135"
140627,"GCA_014641945"
140628,"GCA_014642735"
140629,"GCA_022695515"
140630,"GCA_902459695"
140632,"GCA_014230315"
140651,"GCA_000403135"
140653,"GCA_001639105"
140656,"GCA_000145215"
140657,"GCA_000218545"
140661,"GCA_000940805"
140665,"GCA_900187885"
140666,"GCA_001748285"
140669,"GCA_009602465"
140673,"GCA_013410655"
140679,"GCA_014643835"
140684,"GCA_010078385"
140687,"GCA_001906925"
140688,"GCA_001975785"
140693,"GCA_003574085"
140694,"GCA_003336745"
140695,"GCA_002968015"
140696,"GCA_002238045"
140699,"GCA_000788395"
140700,"GCA_024170465"
140702,"GCA_003049765"
140703,"GCA_001976145"
140704,"GCA_001927285"
140708,"GCA_003402975"
140709,"GCA_025215075"
140710,"GCA_003958645"
140711,"GCA_023156195"
140712,"GCA_014243395"
140713,"GCA_923081025"
140717,"GCA_014349155"
140720,"GCA_000485845"
140721,"GCA_016135805"
140722,"GCA_014643755"
140722,"GCA_003992625"
140723,"GCA_001953355"
140727,"GCA_005144885"
140729,"GCA_009827395"
140730,"GCA_014643735"
140731,"GCA_007923445"
140732,"GCA_020880995"
140734,"GCA_900162645"
140734,"GCA_024346995"
140735,"GCA_900149295"
140735,"GCA_024347135"
140736,"GCA_002155145"
140743,"GCA_009827305"
140745,"GCA_014644315"
140746,"GCA_002499975"
140749,"GCA_002807055"
140752,"GCA_002072105"
140753,"GCA_001661595"
140755,"GCA_014642855"
140755,"GCA_025685745"
140756,"GCA_014643715"
140756,"GCA_002251735"
140757,"GCA_002864045"
140758,"GCA_014643415"
140758,"GCA_009827335"
140761,"GCA_019308285"
140762,"GCA_001761385"
140762,"GCA_001640105"
140764,"GCA_014640435"
140768,"GCA_002763455"
140775,"GCA_002087085"
140776,"GCA_017963645"
140777,"GCA_003011895"
140780,"GCA_001750105"
140783,"GCA_019575955"
140788,"GCA_900103645"
140797,"GCA_014653195"
140798,"GCA_900096565"
140800,"GCA_001580015"
140803,"GCA_001293525"
140804,"GCA_900055185"
140805,"GCA_001651865"
140807,"GCA_009711225"
140808,"GCA_014656415"
140815,"GCA_003958625"
140816,"GCA_014641635"
140818,"GCA_014652875"
140821,"GCA_001192835"
140822,"GCA_900184895"
140823,"GCA_021044425"
140824,"GCA_004363805"
140826,"GCA_014641715"
140829,"GCA_900111295"
140832,"GCA_011059105"
140833,"GCA_001598055"
140834,"GCA_001011115"
140835,"GCA_001462205"
140837,"GCA_004329705"
140837,"GCA_001306455"
140838,"GCA_001550065"
140844,"GCA_003987135"
140845,"GCA_014653135"
140845,"GCA_002879635"
140846,"GCA_004358165"
140847,"GCA_003966915"
140850,"GCA_003945345"
140850,"GCA_014191785"
140852,"GCA_014641735"
140854,"GCA_902859635"
140854,"GCA_003315095"
140856,"GCA_014640095"
140856,"GCA_014534785"
140856,"GCA_022559625"
140857,"GCA_003050785"
140861,"GCA_900089775"
140862,"GCA_014191725"
140862,"GCA_014191725"
140864,"GCA_002077945"
140865,"GCA_009602535"
140866,"GCA_022458865"
140867,"GCA_004912165"
140870,"GCA_014641495"
140874,"GCA_002964975"
140877,"GCA_017876095"
140879,"GCA_000715205"
140884,"GCA_002259795"
140887,"GCA_014642275"
140891,"GCA_002744755"
140892,"GCA_006546775"
140894,"GCA_001292705"
140895,"GCA_001528745"
140896,"GCA_021729155"
140897,"GCA_021215455"
140898,"GCA_009821115"
140899,"GCA_014230355"
140901,"GCA_001006285"
140906,"GCA_018128965"
140907,"GCA_014639315"
140907,"GCA_021729215"
140908,"GCA_014117215"
140911,"GCA_006517395"
140912,"GCA_001307195"
140917,"GCA_022026155"
140928,"GCA_023541015"
140929,"GCA_014191875"
140931,"GCA_014652555"
140932,"GCA_014641075"
140933,"GCA_014641555"
140934,"GCA_013618475"
140934,"GCA_013185225"
140939,"GCA_017813335"
140943,"GCA_015319355"
140945,"GCA_001952075"
140946,"GCA_900188245"
140949,"GCA_005048265"
140951,"GCA_014639655"
140955,"GCA_002886045"
140960,"GCA_001883995"
140961,"GCA_001884025"
140962,"GCA_001884035"
140963,"GCA_001884185"
140964,"GCA_001884045"
140965,"GCA_001884105"
140966,"GCA_001884065"
140967,"GCA_001884135"
140968,"GCA_001884235"
140969,"GCA_016757275"
140969,"GCA_014656455"
140971,"GCA_014643775"
140972,"GCA_014642635"
140974,"GCA_003431825"
140975,"GCA_024753215"
140976,"GCA_024753145"
140977,"GCA_024756255"
140980,"GCA_003391115"
140981,"GCA_014643635"
140982,"GCA_900497695"
140983,"GCA_900536025"
140985,"GCA_014201355"
140985,"GCA_014641515"
140986,"GCA_024753255"
140987,"GCA_009827575"
140988,"GCA_009827595"
140989,"GCA_001889605"
140992,"GCA_003576345"
140993,"GCA_003576245"
140994,"GCA_008711325"
140995,"GCA_003367475"
140997,"GCA_014644035"
140997,"GCA_002088945"
140998,"GCA_003605475"
141008,"GCA_026420865"
141009,"GCA_002312815"
141010,"GCA_002157225"
141012,"GCA_013410455"
141034,"GCA_016865235"
141034,"GCA_014642815"
141035,"GCA_016904955"
141038,"GCA_021233415"
141040,"GCA_024643285"
141041,"GCA_013378075"
141046,"GCA_004324755"
141048,"GCA_004681965"
141048,"GCA_004681965"
141051,"GCA_020177375"
141053,"GCA_001981525"
141055,"GCA_002285435"
141060,"GCA_001580025"
141062,"GCA_014647855"
141062,"GCA_023283645"
141063,"GCA_001936625"
141064,"GCA_023656565"
141065,"GCA_009711525"
141067,"GCA_003675855"
141068,"GCA_004761865"
141070,"GCA_003254545"
141071,"GCA_004352825"
141072,"GCA_900184945"
141073,"GCA_014652915"
141075,"GCA_014642915"
141080,"GCA_003217255"
141082,"GCA_014640155"
141084,"GCA_001562055"
141085,"GCA_007997385"
141086,"GCA_014653155"
141091,"GCA_014640195"
141092,"GCA_014640175"
141095,"GCA_014644275"
141098,"GCA_014243445"
141103,"GCA_003515065"
141105,"GCA_002751875"
141110,"GCA_001936575"
141111,"GCA_014202215"
141112,"GCA_016722765"
141115,"GCA_001507665"
141116,"GCA_014640475"
141116,"GCA_004300825"
141117,"GCA_014653175"
141119,"GCA_002369955"
141120,"GCA_018069865"
141125,"GCA_002270415"
141126,"GCA_001294535"
141127,"GCA_001441615"
141131,"GCA_009720865"
141137,"GCA_002591895"
141137,"GCA_014640135"
141140,"GCA_002806975"
141141,"GCA_001941825"
141143,"GCA_006335005"
141145,"GCA_001677435"
141146,"GCA_002285415"
141146,"GCA_014644355"
141147,"GCA_010500835"
141149,"GCA_001305675"
141151,"GCA_001971585"
141151,"GCA_003946005"
141151,"GCA_023923085"
141153,"GCA_003703975"
141154,"GCA_002269385"
141154,"GCA_014643435"
141156,"GCA_008635805"
141159,"GCA_004310665"
141160,"GCA_009720745"
141161,"GCA_003385555"
141162,"GCA_008710165"
141163,"GCA_008710205"
141164,"GCA_009789535"
141164,"GCA_014197095"
141164,"GCA_900102275"
141165,"GCA_900113315"
157127,"GCA_012396585"
157132,"GCA_901538355"
157747,"GCA_900243065"
157758,"GCA_003112755"
157768,"GCA_002895945"
157812,"GCA_009932335"
157911,"GCA_001721295"
157913,"GCA_003696345"
157948,"GCA_000956175"
157972,"GCA_004102745"
158068,"GCA_010882125"
158129,"GCA_003097315"
158256,"GCA_010669125"
158257,"GCA_011045165"
158259,"GCA_002128405"
158259,"GCA_014640495"
158260,"GCA_006704205"
158266,"GCA_004526345"
158266,"GCA_004526345"
158270,"GCA_006861795"
158270,"GCA_014641675"
158273,"GCA_001182895"
158276,"GCA_014197145"
158278,"GCA_002108505"
158278,"GCA_022870885"
158279,"GCA_003254705"
158280,"GCA_018599245"
158281,"GCA_002206635"
158304,"GCA_025264645"
158305,"GCA_014635865"
158306,"GCA_002874775"
158314,"GCA_002865585"
158322,"GCA_001518015"
158342,"GCA_002153915"
158352,"GCA_002243045"
158354,"GCA_002749895"
158356,"GCA_001874525"
158358,"GCA_900002575"
158360,"GCA_002252565"
158376,"GCA_010669305"
158378,"GCA_003052295"
158379,"GCA_003008695"
158381,"GCA_002352765"
158382,"GCA_004208635"
158383,"GCA_014643695"
158388,"GCA_002260845"
158389,"GCA_018403685"
158400,"GCA_002899695"
158401,"GCA_002899715"
158404,"GCA_008831035"
158405,"GCA_002206625"
158406,"GCA_002192535"
158408,"GCA_018304965"
158411,"GCA_002994005"
158412,"GCA_002993965"
158413,"GCA_002993975"
158414,"GCA_003595525"
158416,"GCA_003073175"
158419,"GCA_002831565"
158421,"GCA_003325455"
158426,"GCA_003568865"
158428,"GCA_003367905"
158428,"GCA_003030445"
158433,"GCA_003116835"
158436,"GCA_001856685"
158437,"GCA_002804065"
158440,"GCA_003609995"
158441,"GCA_003402575"
158449,"GCA_003261235"
158465,"GCA_003202235"
158465,"MASU00000000"
158468,"GCA_003121305"
158471,"GCA_004116265"
158474,"GCA_003991565"
158483,"GCA_004115155"
158485,"GCA_003579925"
158487,"GCA_000875775"
158497,"GCA_004310395"
158498,"GCA_003086355"
158503,"GCA_003268595"
158504,"GCA_003946885"
158505,"GCA_002156385"
158506,"GCA_004634215"
158507,"GCA_024054555"
158509,"GCA_003594875"
158523,"GCA_900185015"
158524,"GCA_900096905"
158527,"GCA_014640905"
158527,"GCA_012848855"
158527,"GCA_009910475"
158531,"GCA_008271745"
158531,"GCA_014645715"
158533,"GCA_006974145"
158535,"GCA_023634845"
158538,"GCA_002514725"
158547,"GCA_001507595"
158548,"GCA_001507545"
158549,"GCA_021728535"
158552,"GCA_009939005"
158553,"GCA_008085455"
158554,"GCA_014644195"
158556,"GCA_017908035"
158560,"GCA_007827555"
158561,"GCA_002269345"
158567,"GCA_014644455"
158569,"GCA_014126615"
158570,"GCA_016937515"
158572,"GCA_019039105"
158573,"GCA_002148795"
158574,"GCA_014644435"
158575,"GCA_001482405"
158578,"GCA_017811175"
158580,"GCA_003254505"
158581,"GCA_019880585"
158583,"GCA_901456055"
158585,"GCA_001644195"
158588,"GCA_007559235"
158595,"GCA_007993035"
158595,"GCA_007993035"
158596,"GCA_002245655"
158598,"GCA_014635625"
158598,"GCA_002234375"
158599,"GCA_002786325"
158600,"GCA_001542905"
158600,"GCA_001542905"
158603,"GCA_014642175"
158604,"GCA_017815515"
158606,"GCA_002150035"
158609,"GCA_019042215"
158610,"GCA_002844575"
158613,"GCA_004634245"
158614,"GCA_001651805"
158615,"GCA_003583925"
158616,"GCA_003731635"
158620,"GCA_002251755"
158621,"GCA_009834025"
158623,"GCA_002909235"
158625,"GCA_016464425"
158629,"GCA_022809095"
158634,"GCA_002866825"
158638,"GCA_002233755"
158639,"GCA_003076475"
158642,"GCA_002270465"
158645,"GCA_023516435"
158646,"GCA_024436395"
158647,"GCA_003966895"
158650,"GCA_002930105"
158651,"GCA_002954245"
158655,"GCA_008000835"
158655,"GCA_002723485"
158656,"GCA_020886315"
158657,"GCA_002251835"
158667,"GCA_002834295"
158668,"GCA_900205755"
158669,"GCA_002834145"
158670,"GCA_007341375"
158671,"GCA_007341395"
158672,"GCA_014641455"
158673,"GCA_003970915"
158677,"GCA_014644415"
158678,"GCA_014644155"
158678,"GCA_009720835"
158679,"GCA_000934725"
158680,"GCA_900166975"
158680,"GCA_024529955"
158681,"GCA_002201235"
158687,"GCA_003858645"
158690,"GCA_023008245"
158691,"GCA_009829085"
158692,"GCA_001982615"
158693,"GCA_014396585"
158694,"GCA_002843355"
158700,"GCA_002843425"
158708,"GCA_002278075"
158708,"CP022990"
158710,"GCA_002213415"
158718,"GCA_014270035"
158721,"GCA_900142255"
158722,"GCA_002954225"
158729,"GCA_029589195"
158731,"GCA_009674805"
158732,"GCA_019334315"
158735,"GCA_002803515"
158736,"GCA_002251775"
158739,"GCA_002266285"
158743,"GCA_008806775"
158745,"GCA_010645075"
158745,"GCA_014644395"
158746,"GCA_001886615"
158747,"GCA_024498175"
158749,"GCA_002111595"
158750,"GCA_002111585"
158752,"GCA_009711205"
158755,"GCA_014642075"
158757,"GCA_001752395"
158760,"GCA_001857945"
158760,"GCA_001637335"
158761,"GCA_002087235"
158764,"GCA_002205125"
158764,"GCA_001653795"
158765,"GCA_001857965"
158767,"GCA_002245695"
158772,"GCA_006159205"
158776,"GCA_002759055"
158776,"GCA_022179185"
158783,"GCA_001997345"
158784,"GCA_014217805"
158785,"GCA_002959895"
158787,"GCA_002216775"
158791,"GCA_012931685"
158792,"GCA_001889045"
158793,"GCA_004117915"
158800,"GCA_002879615"
158801,"GCA_002864685"
158802,"GCA_002764115"
158803,"GCA_018066725"
158807,"GCA_002911695"
158808,"GCA_002245625"
158809,"GCA_002271215"
158811,"GCA_015240255"
158812,"GCA_008638305"
158815,"GCA_018156225"
158819,"GCA_002920895"
158820,"GCA_002943425"
158822,"GCA_014180685"
158825,"GCA_009711465"
158858,"GCA_003429095"
158859,"GCA_003429105"
158859,"QVTD00000000"
158883,"GCA_003865075"
158896,"GCA_009697385"
158896,"VUNL00000000"
158922,"GCA_009695905"
158922,"VUNA00000000"
158927,"GCA_007164725"
158927,"AP019697"
159029,"GCA_009695635"
159029,"VUNN00000000"
159052,"GCA_005121165"
159082,"GCA_008035925"
159083,"GCA_007752935"
159090,"GCA_003290025"
159168,"GCA_900618535"
159168,"UYJA00000000"
159185,"GCA_003967035"
159192,"GCA_003721225"
159196,"GCA_004126535"
159196,"PPCV00000000"
159202,"GCA_009696465"
159202,"VULX00000000"
159203,"GCA_003885045"
159213,"GCA_004886325"
159213,"QXFN00000000"
159312,"GCA_004764665"
159312,"GCA_024347455"
159320,"GCA_009078285"
159350,"GCA_004102025"
159350,"CP025228"
159351,"GCA_009696615"
159351,"VULO00000000"
159374,"GCA_003854965"
159376,"GCA_006874425"
159376,"VIJZ00000000"
159377,"GCA_001280595"
159403,"GCA_003860465"
159437,"GCA_008831305"
159437,"SZWF01000000"
159457,"GCA_009695915"
159457,"VUMZ00000000"
159479,"GCA_003429565"
159479,"QUAK00000000"
159486,"GCA_009695865"
159486,"VUNB00000000"
159488,"GCA_009696045"
159488,"VUMT00000000"
159608,"GCA_006542665"
159613,"GCA_009688985"
159613,"AP021876"
159613,"AP021877"
159613,"AP021878"
159616,"GCA_003710805"
159628,"GCA_009696485"
159628,"VULY00000000"
159637,"GCA_003075095"
159640,"GCA_003696235"
159640,"RFFJ00000000"
159642,"GCA_003265345"
159643,"GCA_003028855"
159645,"GCA_003049725"
159655,"GCA_002993885"
159661,"GCA_003390925"
159668,"GCA_003426855"
159679,"GCA_005845365"
159685,"GCA_900606115"
159686,"GCA_004348825"
159698,"GCA_003012935"
159700,"GCA_017356265"
159701,"GCA_002943565"
159701,"GCA_002943565"
159701,"GCA_002943565"
159704,"GCA_002925845"
159705,"GCA_002954445"
159706,"GCA_014529945"
159706,"GCA_014529945"
159708,"GCA_002000055"
159709,"GCA_025685685"
159710,"GCA_001889005"
159711,"GCA_003124125"
159712,"GCA_002307495"
159714,"GCA_000402035"
159715,"GCA_002976435"
159721,"GCA_018324385"
159722,"GCA_024609765"
159726,"GCA_900312995"
159727,"GCA_003367315"
159727,"GCA_003054775"
159728,"GCA_002727065"
159729,"GCA_002920915"
159730,"GCA_003260205"
159731,"GCA_002893625"
159732,"GCA_002740695"
159732,"GCA_006385135"
159733,"GCA_003008515"
159734,"GCA_003287395"
159735,"GCA_002742285"
159736,"GCA_003097615"
159740,"GCA_014648335"
159740,"GCA_009828585"
159741,"GCA_014648295"
159741,"GCA_023283695"
159742,"GCA_014648315"
159742,"GCA_023283965"
159744,"GCA_003057875"
159746,"GCA_003024235"
159749,"GCA_003311635"
159751,"GCA_018380615"
159754,"GCA_003007675"
159755,"GCA_003345255"
159756,"GCA_003313245"
159763,"GCA_003362725"
159764,"GCA_003149745"
159768,"GCA_004025525"
159768,"GCA_003313385"
159769,"GCA_003050615"
159771,"GCA_002926065"
159772,"GCA_003012775"
159773,"GCA_002287065"
159775,"GCA_003004785"
159776,"GCA_002287375"
159777,"GCA_003056725"
159779,"GCA_003992665"
159780,"GCA_002870965"
159782,"GCA_003075035"
159784,"GCA_002078605"
159787,"GCA_003029735"
159792,"GCA_003020585"
159793,"GCA_002844555"
159794,"GCA_003071345"
159795,"GCA_020519665"
159797,"GCA_003584685"
159797,"GCA_003307275"
159797,"GCA_029823055"
159799,"GCA_003130585"
159804,"GCA_003260025"
159805,"GCA_003388735"
159806,"GCA_003096035"
159807,"GCA_003122385"
159808,"GCA_003097535"
159809,"GCA_003055625"
159812,"GCA_002924445"
159816,"GCA_003148385"
159817,"GCA_003205515"
159820,"GCA_009900715"
159821,"GCA_003129605"
159825,"GCA_002930635"
159825,"GCA_026343945"
159828,"GCA_000220175"
159829,"GCA_003008535"
159833,"GCA_002980525"
159834,"GCA_003345655"
159835,"GCA_003073115"
159836,"GCA_000950575"
159837,"GCA_003151135"
159838,"GCA_002494375"
159839,"GCA_003075045"
159840,"GCA_003072125"
159842,"GCA_003286915"
159843,"GCA_003171675"
159844,"GCA_003258515"
159845,"GCA_003202155"
159846,"GCA_003268025"
159849,"GCA_003012745"
159850,"GCA_003058325"
159853,"GCA_002860325"
159855,"GCA_014652615"
159856,"GCA_002869745"
159857,"GCA_002798305"
159859,"GCA_022760175"
159860,"GCA_002557795"
159863,"GCA_002863865"
159869,"GCA_025685645"
159872,"GCA_002901445"
159873,"GCA_026157085"
159874,"GCA_003008595"
159875,"GCA_902859935"
159877,"GCA_003265685"
159879,"GCA_003116585"
159887,"GCA_002762335"
159888,"GCA_003205195"
159890,"GCA_002844375"
159905,"GCA_013265555"
159905,"CP041345"
159925,"GCA_004005565"
160006,"GCA_004332295"
160122,"GCA_007748035"
160127,"GCA_007860045"
160128,"GCA_007859945"
160162,"GCA_007750855"
160178,"GCA_009017255"
160178,"WBZB00000000"
160213,"GCA_003575975"
160214,"GCA_005434965"
160214,"CP029347"
160299,"GCA_007748195"
160326,"GCA_007859815"
160327,"GCA_004353825"
160363,"GCA_003851885"
160363,"BHZE00000000"
160373,"GCA_009017275"
160373,"WBZC00000000"
160441,"GCA_009299835"
160477,"GCA_007754425"
160507,"GCA_004115085"
160513,"GCA_007753265"
160572,"GCA_007859935"
160592,"GCA_002847305"
160614,"GCA_009676955"
160614,"CP045696"
160625,"GCA_001953055"
160632,"GCA_007748115"
160637,"GCA_013376475"
160637,"CP045508"
160642,"GCA_007744675"
160662,"GCA_007748155"
160770,"GCA_003344635"
160775,"GCA_003234965"
160787,"GCA_003144405"
160788,"GCA_003144395"
160797,"GCA_010378095"
160812,"GCA_005864065"
160812,"VANP00000000"
160818,"GCA_900289195"
160830,"GCA_007859755"
160831,"GCA_007752535"
161846,"GCA_004358445"
162366,"GCA_014647415"
162600,"GCA_004799285"
163753,"GCA_008831545"
163760,"GCA_003990915"
163805,"GCA_003342675"
163805,"CP031147"
163805,"CP031148"
163805,"CP031149"
163851,"GCA_003430825"
163852,"GCA_002952775"
163855,"GCA_003675875"
163871,"GCA_009762325"
163887,"GCA_003614885"
163904,"GCA_004358185"
163970,"GCA_004801395"
163970,"SSOA00000000"
164064,"GCA_001593605"
164090,"GCA_003688285"
164092,"GCA_001889025"
164093,"GCA_008368715"
164093,"GCA_008368715.1"
164124,"GCA_002167005"
164126,"GCA_004328075"
164142,"GCA_003344785"
164146,"GCA_003325495"
164146,"GCA_003325475"
164159,"GCA_003058365"
164174,"GCA_004801295"
164175,"GCA_004801305"
164179,"GCA_003149475"
164180,"GCA_007109405"
164183,"GCA_003569045"
164190,"GCA_003855155"
164190,"GCA_023283865"
164191,"GCA_003072645"
164192,"GCA_008369935"
164194,"GCA_003595215"
164197,"GCA_006007885"
164197,"VCRO01000000"
164210,"GCA_009600605"
164210,"VWNA00000000"
164229,"GCA_003024685"
164230,"GCA_003024675"
164246,"GCA_003285105"
164247,"GCA_009497155"
164248,"GCA_003583725"
164248,"QXTF00000000"
164251,"GCA_003611035"
164251,"CP030033.1"
164259,"GCA_005434915"
164262,"GCA_002946355"
164274,"GCA_009795715"
164274,"WTCR00000000"
164276,"GCA_003056355"
164306,"GCA_003863355"
164306,"QQWG00000000"
164308,"GCA_004145795"
164317,"GCA_003387575"
164328,"GCA_005771435"
164328,"VANI00000000"
164328,"GCA_005771435"
164328,"VANI00000000"
164329,"GCA_004104355"
164331,"GCA_004551525"
164331,"SATR01000000"
164332,"GCA_003970385"
164332,"RXZH01000000"
164337,"GCA_003944705"
164339,"GCA_003171655"
164341,"GCA_001999905"
164343,"GCA_003339525"
164348,"GCA_003591655"
164352,"GCA_003725415"
164352,"RJQC00000000"
164369,"GCA_003999195"
164370,"GCA_004153545"
164371,"GCA_003668635"
164372,"GCA_003600355"
164373,"GCA_003570715"
164374,"GCA_003640395"
164390,"GCA_003367235"
164402,"GCA_003665065"
164404,"GCA_003362805"
164405,"GCA_002899825"
164413,"GCA_003231275"
164417,"GCA_003383615"
164420,"GCA_004005845"
164421,"GCA_003258945"
164426,"GCA_003346865"
164431,"GCA_004307425"
164440,"GCA_007050995"
164440,"VJOU00000000"
164447,"GCA_004168285"
164448,"GCA_004361065"
164449,"GCA_004359965"
164450,"GCA_004348265"
164451,"GCA_003555545"
164451,"GCA_003555545"
164454,"GCA_004005475"
164454,"RZTZ00000000"
164455,"GCA_003688855"
164455,"REFW00000000"
164456,"GCA_005217565"
164456,"SJCO00000000"
164461,"GCA_005877885"
164461,"VCHY00000000"
164465,"GCA_006352475"
164466,"GCA_002797355"
164467,"GCA_003691585"
164468,"GCA_003971235"
164473,"GCA_004337505"
164475,"GCA_003966255"
164475,"GCA_005280205"
164479,"GCA_004358035"
164479,"SMUW00000000"
164486,"GCA_006265115"
164486,"SMDR00000000"
164488,"GCA_003970805"
164490,"GCA_004519545"
164490,"SDKM00000000"
164491,"GCA_004359375"
164502,"GCA_003952345"
164504,"GCA_004307995"
164505,"GCA_004295345"
164505,"CP036200"
164516,"GCA_004323635"
164533,"GCA_004803405"
164533,"SSXI00000000"
164545,"GCA_009932375"
164547,"GCA_004014875"
164551,"GCA_004916895"
164551,"SNTZ00000000"
164552,"GCA_005473895"
164552,"SRJI00000000"
164554,"GCA_008727715"
164559,"GCA_008271285"
164567,"GCA_003863965"
164571,"GCA_003710105"
164573,"GCA_010692725"
164580,"GCA_006861675"
164580,"SGJB00000000"
164616,"GCA_005771405"
164621,"GCA_011250635"
164621,"JAANNP000000000"
164622,"GCA_011250645"
164622,"JAANNO000000000"
164623,"GCA_011369485"
164624,"GCA_011355085"
164638,"GCA_004357995"
164650,"GCA_004168015"
164658,"GCA_003946515"
164659,"GCA_003946555"
164660,"GCA_003946505"
164661,"GCA_003946605"
164662,"GCA_003946625"
164663,"GCA_003946575"
164664,"GCA_003946725"
164665,"GCA_003946205"
164673,"GCA_005405205"
164674,"GCA_005405265"
164676,"GCA_008728635"
164701,"GCA_004359195"
164703,"GCA_008632455"
164709,"GCA_003416765"
164710,"GCA_006337085"
164710,"CP040882"
164712,"GCA_016617615"
164712,"JAACYA000000000"
164731,"GCA_004115745"
166097,"GCA_003990445"
166098,"GCA_003324525"
166099,"GCA_003012345"
166100,"GCA_004053875"
166101,"GCA_010993955"
166102,"GCA_003226345"
166103,"GCA_007655485"
166104,"GCA_003173715"
166105,"GCA_005869875"
166106,"GCA_006443685"
166108,"GCA_003293695"
166109,"GCA_003316635"
166110,"GCA_006439335"
166111,"GCA_002356295"
166112,"GCA_004120195"
166112,"GCA_014863865"
166113,"GCA_008014345"
166114,"GCA_008802405"
166115,"GCA_004118155"
166116,"GCA_003130405"
166117,"GCA_004358025"
166118,"GCA_004138215"
166120,"GCA_003583365"
166121,"GCA_007558725"
166122,"GCA_003449035"
166123,"GCA_003129485"
166125,"GCA_003667315"
166126,"GCA_004284785"
166127,"GCA_005144965"
166128,"GCA_004137685"
166129,"GCA_004137085"
166131,"GCA_007558865"
166132,"GCA_004521985"
166135,"GCA_003973725"
166136,"GCA_003664555"
166137,"GCA_003586265"
166138,"GCA_005671395"
166140,"GCA_003144035"
166142,"GCA_002868715"
166144,"GCA_004004565"
166145,"GCA_004310685"
166146,"GCA_004851605"
166147,"GCA_004745575"
166149,"GCA_003606365"
166151,"GCA_005518185"
166152,"GCA_019740335"
166153,"GCA_019443285"
166154,"GCA_003660445"
166155,"GCA_003946045"
166156,"GCA_003946335"
166157,"GCA_003946345"
166158,"GCA_003946395"
166159,"GCA_003946545"
166160,"GCA_003946145"
166161,"GCA_003946095"
166162,"GCA_003946385"
166163,"GCA_003946445"
166164,"GCA_003946165"
166165,"GCA_003946485"
166167,"GCA_004965515"
166168,"GCA_003696285"
166169,"GCA_002871005"
166170,"GCA_003336875"
166171,"GCA_004016505"
166172,"GCA_004122165"
166173,"GCA_003399445"
166174,"GCA_004309355"
166175,"GCA_003332885"
166176,"GCA_003336225"
166177,"GCA_009910845"
166178,"GCA_003575965"
166179,"GCA_003122085"
166180,"GCA_002327085"
166181,"GCA_004137345"
166182,"GCA_003576475"
166183,"GCA_006542765"
166185,"GCA_003384725"
166188,"GCA_002266435"
166193,"GCA_004335005"
166194,"GCA_004001325"
166195,"GCA_005884405"
166196,"GCA_004307455"
166197,"GCA_003351345"
166199,"GCA_003057885"
166200,"GCA_003073475"
166201,"GCA_004329815"
166202,"GCA_005404815"
166203,"GCA_003667345"
166204,"GCA_003260125"
166205,"GCA_004358325"
166206,"GCA_003390885"
166207,"GCA_004785645"
166209,"GCA_003258365"
166210,"GCA_004122035"
166211,"GCA_003730295"
166212,"GCA_002573965"
166213,"GCA_003851725"
166214,"GCA_004796535"
166217,"GCA_003970925"
166218,"GCA_004803475"
166220,"GCA_003058265"
166221,"GCA_003260265"
166222,"GCA_003123725"
166223,"GCA_003324485"
166224,"GCA_003602235"
166225,"GCA_003298775"
166226,"GCA_003352165"
166228,"GCA_007004065"
166229,"GCA_003415675"
166230,"GCA_005885605"
166231,"GCA_005887615"
166232,"GCA_005863185"
166233,"GCA_001908025"
166234,"GCA_003946695"
166235,"GCA_003344765"
166236,"GCA_003345355"
166238,"GCA_003432065"
166239,"GCA_005870085"
166240,"GCA_005405245"
166241,"GCA_005405485"
166242,"GCA_005405225"
166243,"GCA_003172955"
166245,"GCA_003315595"
166246,"GCA_004118325"
166247,"GCA_003143535"
166248,"GCA_003627955"
166249,"GCA_003606385"
166250,"GCA_004138485"
166251,"GCA_004352835"
166252,"GCA_006337105"
166253,"GCA_003284895"
166254,"GCA_005876855"
166255,"GCA_007845635"
166256,"GCA_003443995"
166257,"GCA_003028415"
166258,"GCA_003258355"
166261,"GCA_004296575"
166264,"GCA_003730115"
166265,"GCA_004681975"
166267,"GCA_003515075"
166268,"GCA_003993795"
166270,"GCA_004028155"
166271,"GCA_004349315"
166272,"GCA_003034845"
166273,"GCA_005876985"
166274,"GCA_013372105"
166274,"GCA_006176165"
166275,"GCA_008016795"
166276,"GCA_004004555"
166277,"GCA_003860405"
166278,"GCA_003660165"
166279,"GCA_003627095"
166280,"GCA_005925325"
166281,"GCA_003946915"
166282,"GCA_005281615"
166283,"GCA_004010795"
166284,"GCA_004296335"
166285,"GCA_003347495"
166288,"GCA_003574425"
166289,"GCA_003574485"
166290,"GCA_004353915"
166291,"GCA_004524855"
166292,"GCA_004054195"
166293,"GCA_003966125"
166296,"GCA_004564275"
166297,"GCA_003339505"
166298,"GCA_004005965"
166301,"GCA_002287075"
166303,"GCA_009687825"
166304,"GCA_006965445"
166305,"GCA_016879515"
166307,"GCA_004000235"
166308,"GCA_008806345"
166309,"GCA_009707545"
166310,"GCA_007922615"
166313,"GCA_009184905"
166315,"GCA_008638345"
166316,"GCA_002966125"
166317,"GCA_003425685"
166318,"GCA_004959935"
166319,"GCA_009184635"
166320,"GCA_004358095"
166323,"GCA_003867015"
166324,"GCA_012911495"
166325,"GCA_004135385"
166326,"GCA_009857835"
166327,"GCA_009857915"
166328,"GCA_004745525"
166329,"GCA_004745505"
166330,"GCA_009857475"
166331,"GCA_005887635"
166332,"GCA_009183655"
166333,"GCA_001929405"
166334,"GCA_003666685"
166335,"GCA_013778375"
166335,"GCA_009757995"
166337,"GCA_011089875"
166338,"GCA_001403635"
166339,"GCA_009857595"
166340,"GCA_013260645"
166341,"GCA_011750795"
166343,"GCA_008369445"
166345,"GCA_013387165"
166346,"GCA_010092985"
166347,"GCA_008710035"
166348,"GCA_010119935"
166349,"GCA_010365285"
166351,"GCA_011745685"
166352,"GCA_005871185"
166353,"GCA_011064595"
166355,"GCA_003416885"
166356,"GCA_007833165"
166357,"GCA_004347715"
166358,"GCA_007859955"
166359,"GCA_012273015"
166361,"GCA_009913235"
166362,"GCA_010119975"
166363,"GCA_011604685"
166364,"GCA_003594885"
166365,"GCA_007860015"
166366,"GCA_008711145"
166367,"GCA_010435965"
166368,"GCA_009674685"
166369,"GCA_009906855"
166370,"GCA_007860135"
166372,"GCA_009910705"
166373,"GCA_004801935"
166374,"GCA_011684115"
166375,"GCA_902141845"
166376,"GCA_009724685"
166377,"GCA_009728145"
166378,"GCA_008298015"
166379,"GCA_002761755"
166380,"GCA_001594225"
166381,"GCA_900110035"
166382,"GCA_900109565"
166383,"GCA_009176975"
166384,"GCA_007751035"
166385,"GCA_007750395"
166386,"GCA_009466385"
166387,"GCA_007745435"
166388,"GCA_007745175"
166389,"GCA_007747795"
166391,"GCA_007744255"
166392,"GCA_008041945"
166393,"GCA_007860105"
166394,"GCA_007859915"
166395,"GCA_007859855"
166396,"GCA_007859865"
166397,"GCA_007860175"
166398,"GCA_007860125"
166399,"GCA_007743815"
166400,"GCA_007859715"
166401,"GCA_007752135"
166403,"GCA_007280555"
166405,"GCA_007751715"
166408,"GCA_009733535"
166409,"GCA_007860185"
166410,"GCA_007860095"
166411,"GCA_009910365"
166412,"GCA_009828705"
166413,"GCA_006542375"
166414,"GCA_007746795"
166415,"GCA_010614725"
166416,"GCA_003293845"
166417,"GCA_003254445"
166418,"GCA_003217775"
166419,"GCA_003443895"
166420,"GCA_003115855"
166421,"GCA_003160695"
166422,"GCA_003260015"
166423,"GCA_003097495"
166424,"GCA_003316875"
166425,"GCA_003355495"
166427,"GCA_003129465"
166428,"GCA_003172915"
166429,"GCA_005860805"
166431,"GCA_002964605"
166432,"GCA_003076135"
166435,"GCA_003254645"
166440,"GCA_003067705"
166441,"GCA_014269285"
166441,"GCA_024436355"
166442,"GCA_003397705"
166443,"GCA_003397585"
166444,"GCA_003293675"
166445,"GCA_003991195"
166446,"GCA_003185655"
166447,"GCA_003934295"
166447,"GCA_029635795"
166448,"GCA_003583935"
166449,"GCA_003572205"
166450,"GCA_003076755"
166453,"GCA_003412465"
166454,"GCA_003259195"
166455,"GCA_003994465"
166456,"GCA_004022565"
166459,"GCA_003719825"
166460,"GCA_003444655"
166461,"GCA_003626915"
166462,"GCA_004022225"
166463,"GCA_003121985"
166464,"GCA_003363265"
166465,"GCA_003363155"
166466,"GCA_003177275"
166466,"GCA_003568665"
166467,"GCA_003429005"
166468,"GCA_003675895"
166469,"GCA_002915595"
166470,"GCA_004310345"
166471,"GCA_002917105"
166472,"GCA_003233655"
166473,"GCA_003605575"
166474,"GCA_002872475"
166475,"GCA_003628145"
166476,"GCA_003367175"
166477,"GCA_003716875"
166477,"GCA_024347155"
166479,"GCA_002893765"
166480,"GCA_900609045"
166481,"GCA_003674065"
166482,"GCA_003546865"
166483,"GCA_003254475"
166484,"GCA_003660455"
166485,"GCA_003052265"
166486,"GCA_003977665"
166487,"GCA_003977615"
166488,"GCA_003704105"
166490,"GCA_003668575"
166491,"GCA_004016525"
166492,"GCA_014451095"
166492,"GCA_004122145"
166493,"GCA_003149455"
166494,"GCA_003797185"
166495,"GCA_004193205"
166499,"GCA_003412455"
166499,"GCA_003412455"
166500,"GCA_003097655"
166503,"GCA_003096015"
166504,"GCA_003999375"
166505,"GCA_003350345"
166506,"GCA_003072065"
166508,"GCA_003837865"
166509,"GCA_003957515"
166510,"GCA_003457605"
166511,"GCA_900631945"
166512,"GCA_003340475"
166513,"GCA_003345525"
166514,"GCA_004004515"
166515,"GCA_003730135"
166517,"GCA_003171715"
166518,"GCA_003820355"
166519,"GCA_003184185"
166520,"GCA_003586305"
166521,"GCA_003953935"
166522,"GCA_003340555"
166523,"GCA_004010095"
166524,"GCA_003339865"
166525,"GCA_003813775"
166526,"GCA_003382275"
166527,"GCA_003627075"
166528,"GCA_003013695"
166529,"GCA_002531935"
166530,"GCA_900609055"
166531,"GCA_003284725"
166532,"GCA_005434975"
166534,"GCA_003628535"
166535,"GCA_003628305"
166537,"GCA_004005865"
166538,"GCA_003797835"
166539,"GCA_003316845"
166543,"GCA_003581645"
166544,"GCA_003363435"
166565,"GCA_010894435"
166565,"NZ_JAAIXZ000000000.1"
166567,"GCA_010894455"
166567,"NZ_JAAIXY000000000.1"
166688,"GCA_007004095"
166688,"VHJK00000000"
166702,"GCA_009707865"
166702,"WMBA00000000"
166753,"GCA_004135625"
166753,"SDPV00000000"
166844,"GCA_003269425"
166844,"CP030104"
166983,"GCA_013128195"
166983,"CP053452"
167100,"GCA_004000275"
167100,"RCIP00000000"
167229,"GCA_005886105"
167229,"NZ_PNCO00000000.2"
167268,"GCA_002173415"
167268,"NHNK00000000"
167319,"GCA_013403955"
167319,"JABFDG000000000"
167321,"GCA_013394655"
167321,"CP053351"
167322,"GCA_013403985"
167322,"JABFDF000000000"
167323,"GCA_013394595"
167323,"CP053348"
167343,"GCA_004803465"
167343,"SRSF00000000"
167347,"GCA_013403975"
167347,"JABFDH000000000"
167349,"GCA_013403865"
167349,"JABFDK000000000"
167356,"GCA_008064665"
167374,"GCA_003934285"
167374,"RQWJ00000000"
167381,"GCA_003143555"
167386,"GCA_004023665"
167386,"SAUF00000000"
167386,"SAUF01000000"
167388,"GCA_006538165"
167388,"BDLU00000000"
167389,"GCA_003298465"
167389,"QNGA00000000"
167398,"GCA_011682175"
167398,"WHJG00000000"
167414,"GCA_011682065"
167414,"VUYU00000000"
167415,"GCA_011682145"
167415,"WHJH00000000"
167419,"GCA_011799805"
167420,"GCA_012395815"
167420,"JAAZQQ000000000"
167426,"GCA_013403925"
167426,"JABFDJ000000000"
167435,"GCA_013404085"
167435,"JABFHO000000000"
167490,"GCA_004571135"
167490,"SPSB00000000"
167510,"CABFPG01"
167512,"GCA_005765165"
167512,"VCIW00000000"
167519,"GCA_004135645"
167519,"SDPW00000000"
167521,"GCA_008931845"
167521,"CP044535"
167521,"CP044536"
167521,"CP044537"
167521,"CP044538"
167521,"CP044539"
167521,"CP044540"
167521,"CP044541"
167521,"CP044542"
167597,"GCA_004681125"
167597,"SIHO00000000"
167622,"GCA_004005905"
167622,"SACO00000000"
167635,"GCA_003687725"
167635,"RDOJ00000000"
167641,"GCA_004016515"
167641,"SACT00000000"
167643,"GCA_004360145"
167643,"SAIT00000000"
167654,"GCA_007644045"
167654,"VMDW00000000"
167657,"GCA_004920405"
167657,"RFLV00000000"
167665,"GCA_003651245"
167665,"RAPE00000000"
167682,"GCA_007474545"
167682,"VKOG00000000"
167730,"GCA_004358675"
167730,"SMZO00000000"
167731,"GCA_005869845"
167731,"VAWF00000000"
167772,"GCA_004349355"
167772,"SMFK00000000"
167774,"GCA_004009905"
167774,"PRJNA509135"
167789,"GCA_004293625"
167789,"CP033040"
167791,"GCA_004349265"
167791,"SMFL00000000"
167796,"GCA_003865365"
167796,"RQVR00000000"
167800,"GCA_004803635"
167800,"SSWX00000000"
167820,"GCA_003130795"
167820,"CP029352"
167820,"CP029353"
167820,"CP029354"
167820,"CP029355"
167823,"GCA_003417535"
167823,"NZ_QVLS00000000"
167834,"GCA_003992725"
167834,"RZNF00000000"
167837,"GCA_005280585"
167837,"SZVO00000000"
167838,"GCA_004768465"
167838,"SRMF01000000"
167839,"GCA_003952725"
167839,"CP032509"
167902,"GCA_003336755"
167902,"QMDI00000000"
167924,"GCA_013036045"
167924,"WTPX00000000"
167926,"GCA_010894475"
167926,"NZ_JAAIYB000000000.1"
167944,"GCA_004118675"
167944,"SDHZ00000000"
167968,"GCA_003688895"
167977,"GCA_003545885"
167977,"QHCT00000000"
167978,"GCA_002746455"
167978,"NWUW00000000"
168046,"GCA_004335015"
168046,"RQRU00000000"
168195,"GCA_004354085"
168195,"SMSE00000000"
168208,"GCA_014644295"
168303,"GCA_004307015"
168303,"SIJL00000000"
168332,"CAAHFN01"
168335,"GCA_004923205"
168335,"SELD00000000"
168344,"GCA_007279655"
168344,"QXMP01000000"
168348,"GCA_004959925"
168348,"SPUW00000000"
168352,"GCA_003702705"
168352,"QZMN00000000"
168352,"GCA_003702705"
168352,"QZMN00000000"
168376,"GCA_004358105"
168376,"SKCI00000000"
168376,"SMYL00000000"
168385,"GCA_008271465"
168385,"VMDU00000000"
168437,"GCA_004118265"
168437,"SDHW00000000"
168453,"GCA_003577475"
168453,"QPEP00000000"
168456,"GCA_002056295"
168456,"CP020100"
168496,"GCA_006149045"
168496,"VBSN00000000"
168505,"GCA_003097635"
168505,"QCZI00000000"
168508,"GCA_005298075"
168508,"SZZH00000000"
168509,"GCA_004025325"
168509,"RSFE01000000"
168511,"GCA_003719295"
168511,"RFLW00000000"
168512,"GCA_003627055"
168512,"CP032624"
168513,"GCA_004000255"
168513,"RCIQ00000000"
168515,"GCA_004135405"
168515,"CP03549"
168518,"GCA_004122115"
168518,"SBKP00000000"
168525,"GCA_006386545"
168525,"SWAR00000000"
168535,"GCA_007995095"
168535,"VOPY00000000"
168539,"GCA_005938385"
168539,"VCRA00000000"
168541,"GCA_001761325"
168541,"CP017478"
168558,"GCA_003991975"
168558,"CP029822"
168559,"GCA_003586285"
168559,"QUBR00000000"
168561,"GCA_003664585"
168561,"NZ_RCHI00000000"
168566,"GCA_004522155"
168566,"SDEA00000000"
168571,"GCA_004310325"
168571,"SIRT00000000"
168572,"GCA_004916905"
168572,"SDLV00000000"
168658,"GCA_003336805"
168658,"QFWJ01000000"
168791,"GCA_006475605"
168791,"SSBC00000000"
168917,"GCA_003327535"
168917,"QOUI00000000"
168996,"GCA_002266465"
168996,"CP029427"
169101,"GCA_004005485"
169101,"RZUL00000000"
169324,"GCA_900112785"
169324,"FONB00000000.1"
169899,"GCA_004011155"
169899,"RJWG00000000"
169990,"GCA_011682045"
169990,"VVIW00000000"
170127,"GCA_006376685"
170127,"VEWL00000000"
170898,"GCA_006542275"
170898,"CP041217"
170899,"GCA_008001235"
170899,"CP040751"
170901,"GCA_003316695"
170901,"PDKB00000000"
170903,"GCA_013778505"
170903,"JAAOWU000000000"
170904,"GCA_009363415"
170904,"CP045350"
170904,"CP045351"
170904,"CP045352"
170904,"CP045353"
170905,"GCA_002807015"
170905,"NIPO00000000"
170906,"GCA_005862305"
170906,"CP054021"
170906,"CP054022"
170906,"CP054023"
170906,"CP054024"
170906,"CP054025"
170906,"CP054026"
170907,"GCA_003951285"
170907,"RXFQ00000000"
170908,"GCA_013423485"
170908,"JABFFR000000000"
170923,"GCA_013179805"
170923,"1846045834"
170924,"GCA_011812985"
170924,"NZ_JAATLL000000000.1"
170934,"GCA_010667575"
170934,"JAABNT000000000"
170935,"GCA_009742725"
170935,"WPHG00000000"
170936,"GCA_005047655"
170936,"SUKF00000000"
170937,"GCA_012911865"
170937,"JAAXYH000000000"
170938,"GCA_010894405"
170938,"NZ_JAAIYA000000000.1"
170939,"GCA_003545925"
170939,"QHCU00000000"
170940,"GCA_004795735"
170940,"CP039247"
170941,"GCA_003583985"
170941,"QXML01000000"
170942,"GCA_007559285"
170942,"VMBE00000000"
170943,"GCA_004382795"
170943,"SMSG00000000"
170944,"GCA_008843145"
170944,"CP030265"
