"total_length","gc_perc","accession"
"1743135","44","GCA_000010785.1"
"2542933","30.5","GCA_000010985.1"
"3219505","63","GCA_000011305.1"
"9105828","64","GCA_000011365.1"
"1469720","49","GCA_000011905.1"
"2650701","43","GCA_000012305.1"
"9731138","62.5","GCA_000013645.1"
"5057531","46","GCA_000013665.1"
"3101097","42","GCA_000013905.1"
"2341251","27","GCA_000014025.1"
"3225748","70.5","GCA_000014185.1"
"3275944",NA,"GCA_000014785.1"
"5396476",NA,"GCA_000014885.1"
"5366143",NA,"GCA_000015505.1"
"5597943",NA,"GCA_000015565.1"
"4643639",NA,"GCA_000015725.1"
"3608104",NA,"GCA_000016165.1"
"2159490",NA,"GCA_000016345.1"
"6096872",NA,"GCA_000016645.1"
"5136364",NA,"GCA_000016745.1"
"1823511",NA,"GCA_000016785.1"
"1948941",NA,"GCA_000017545.1"
"5517674",NA,"GCA_000018025.1"
"4417868",NA,"GCA_000018145.1"
"5226917",NA,"GCA_000019185.1"
"5848997",NA,"GCA_000019945.1"
"8214658",NA,"GCA_000020125.1"
"1959987",NA,"GCA_000020965.1"
"1640877",NA,"GCA_000021545.1"
"1676444",NA,"GCA_000021725.1"
"4305430",NA,"GCA_000021745.1"
"5279134",NA,"GCA_000021925.1"
"4684931",NA,"GCA_000021945.1"
"4068724",NA,"GCA_000022065.1"
"4304501",NA,"GCA_000022265.1"
"4127356",NA,"GCA_000022565.1"
"5193164",NA,"GCA_000023025.1"
"3471292",NA,"GCA_000023065.1"
"6967790",NA,"GCA_000023125.1"
"2158157",NA,"GCA_000023265.1"
"5128187",NA,"GCA_000023465.1"
"3540114",NA,"GCA_000023785.1"
"1617804",NA,"GCA_000023845.1"
"9127347",NA,"GCA_000024005.1"
"10467782",NA,"GCA_000024025.1"
"2852073",NA,"GCA_000024085.1"
"2909567",NA,"GCA_000024325.1"
"2582886",NA,"GCA_000024765.1"
"3993764",NA,"GCA_000024985.1"
"3750771",NA,"GCA_000025905.1"
"3659634",NA,"GCA_000025945.1"
"3798465",NA,"GCA_000060345.1"
"5287950",NA,"GCA_000067205.1"
"3157527",NA,"GCA_000092825.1"
"3059871",NA,"GCA_000093025.1"
"2532343",NA,"GCA_000145215.1"
"5262222",NA,"GCA_000145275.1"
"2152970",NA,"GCA_000146285.1"
"2559358",NA,"GCA_000146675.1"
"3552236",NA,"GCA_000153565.1"
"3719688",NA,"GCA_000154565.1"
"5033129",NA,"GCA_000154725.1"
"4300117",NA,"GCA_000154845.1"
"5566217",NA,"GCA_000156075.1"
"4892401",NA,"GCA_000156195.1"
"4787097",NA,"GCA_000156495.1"
"4041504",NA,"GCA_000157915.1"
"3512473",NA,"GCA_000157935.1"
"6870144",NA,"GCA_000158035.1"
"11030030",NA,"GCA_000158915.1"
"2248406",NA,"GCA_000159415.1"
"3273670",NA,"GCA_000160535.1"
"2435166",NA,"GCA_000160615.1"
"3190159",NA,"GCA_000160795.1"
"2302896",NA,"GCA_000160835.1"
"5782514",NA,"GCA_000161455.1"
"4407967",NA,"GCA_000163855.1"
"1742932",NA,"GCA_000164905.1"
"4787724",NA,"GCA_000166275.1"
"4651725",NA,"GCA_000166295.1"
"2770676",NA,"GCA_000166355.1"
"4059653",NA,"GCA_000166395.1"
"2843785",NA,"GCA_000166775.1"
"2889774","51.5","GCA_000169155.1"
"9771226","40.5","GCA_000169175.1"
"1663618","27","GCA_000170735.1"
"4413003","57","GCA_000170835.1"
"3381351","38","GCA_000171615.1"
"6052596","43","GCA_000172175.1"
"7848700",NA,"GCA_000173075.1"
"5592854","29.5","GCA_000175595.1"
"2072007","45.5","GCA_000175655.1"
"2562014","60","GCA_000177335.1"
"1418601",NA,"GCA_000178335.1"
"1604161",NA,"GCA_000178355.1"
"5123037",NA,"GCA_000180115.1"
"3513191",NA,"GCA_000182745.1"
"3685504",NA,"GCA_000183135.1"
"2216552",NA,"GCA_000183405.1"
"2819357",NA,"GCA_000183725.1"
"2844696",NA,"GCA_000184705.1"
"2098776",NA,"GCA_000185445.1"
"1759526",NA,"GCA_000185805.1"
"3274581",NA,"GCA_000185845.1"
"2101285",NA,"GCA_000186245.1"
"4888353",NA,"GCA_000186265.1"
"4421924",NA,"GCA_000187895.1"
"2306546",NA,"GCA_000188195.1"
"4535320",NA,"GCA_000189535.1"
"3765936",NA,"GCA_000190595.1"
"3057407",NA,"GCA_000191065.1"
"4633577",NA,"GCA_000194605.1"
"1281836",NA,"GCA_000194985.1"
"3747170",NA,"GCA_000195615.1"
"4330716",NA,"GCA_000195635.1"
"7145576",NA,"GCA_000196115.1"
"3247018",NA,"GCA_000196275.1"
"3980199",NA,"GCA_000196735.1"
"3750138",NA,"GCA_000198775.1"
"3532378",NA,"GCA_000199675.1"
"2831696",NA,"GCA_000205025.1"
"3789812",NA,"GCA_000205165.1"
"3608022",NA,"GCA_000210055.1"
"5976145",NA,"GCA_000210075.1"
"3763317",NA,"GCA_000210575.1"
"2728333",NA,"GCA_000210715.1"
"4960219",NA,"GCA_000211415.1"
"2991798",NA,"GCA_000212915.1"
"4863490",NA,"GCA_000214175.1"
"2892255",NA,"GCA_000214435.1"
"2322224",NA,"GCA_000217795.1"
"3388644",NA,"GCA_000218235.1"
"3526441",NA,"GCA_000218545.1"
"3239340",NA,"GCA_000219725.1"
"6221273",NA,"GCA_000222485.1"
"3842422",NA,"GCA_000224085.1"
"2492085",NA,"GCA_000225705.1"
"2354550",NA,"GCA_000226875.1"
"2467075",NA,"GCA_000227765.1"
"2488626",NA,"GCA_000231215.1"
"2855429",NA,"GCA_000231275.1"
"1999646",NA,"GCA_000233775.1"
"4233768",NA,"GCA_000233955.1"
"3097322",NA,"GCA_000235885.1"
"4208238",NA,"GCA_000236035.1"
"4000057",NA,"GCA_000236705.1"
"4897678",NA,"GCA_000237085.1"
"1675934",NA,"GCA_000237805.1"
"2499879",NA,"GCA_000242435.1"
"3773011",NA,"GCA_000243215.1"
"3966857",NA,"GCA_000243235.1"
"3876211",NA,"GCA_000245315.1"
"3957021",NA,"GCA_000245335.1"
"9033684",NA,"GCA_000246855.1"
"2376899",NA,"GCA_000250875.1"
"4406036",NA,"GCA_000252445.1"
"4257070",NA,"GCA_000255455.1"
"8702386",NA,"GCA_000255655.1"
"10086423",NA,"GCA_000255705.1"
"2294730","38.5","GCA_000257765.1"
"3658997",NA,"GCA_000258405.1"
"5141552","38","GCA_000258495.1"
"2981404","35","GCA_000258765.1"
"1600513","39","GCA_000258845.1"
"4508243",NA,"GCA_000260115.1"
"3086951","35.5","GCA_000260835.1"
"3779696","46.5","GCA_000262045.1"
"5220361",NA,"GCA_000263195.1"
"3910579","66.5","GCA_000264295.1"
"4093898","67","GCA_000264375.1"
"3633701","48.5","GCA_000265075.1"
"2510109",NA,"GCA_000265295.1"
"3520671",NA,"GCA_000265385.1"
"4196595",NA,"GCA_000265405.1"
"2160700",NA,"GCA_000266925.1"
"3371034",NA,"GCA_000269805.1"
"3736359","40.5","GCA_000269865.1"
"5193926","65","GCA_000271305.1"
"3491709","50.5","GCA_000272005.1"
"3693745","60","GCA_000275725.1"
"2958459",NA,"GCA_000277855.1"
"3300414",NA,"GCA_000279145.1"
"3384849","33.5","GCA_000283015.1"
"1558103",NA,"GCA_000284335.1"
"3989480",NA,"GCA_000284615.1"
"2349262","62.5","GCA_000285915.1"
"3018045","47","GCA_000290615.1"
"2932944",NA,"GCA_000295095.1"
"2119335",NA,"GCA_000296445.1"
"3443906",NA,"GCA_000296465.1"
"3987205","51.5","GCA_000296695.1"
"1928135","35","GCA_000296835.1"
"1927182","37","GCA_000296855.1"
"1905398","38.5","GCA_000297025.1"
"2638447","33","GCA_000297115.1"
"4842844","41","GCA_000298295.1"
"3108248",NA,"GCA_000299355.1"
"4062282","60.5","GCA_000299915.1"
"3952792","65.5","GCA_000299935.1"
"4992479","61","GCA_000300515.1"
"3572447","37","GCA_000300875.1"
"3664876","60.5","GCA_000300995.1"
"4228921",NA,"GCA_000302595.1"
"4043846",NA,"GCA_000306945.1"
"3836603",NA,"GCA_000306965.1"
"2569486",NA,"GCA_000307165.1"
"3108242",NA,"GCA_000307265.1"
"4223247","37","GCA_000307855.1"
"5371144","39.5","GCA_000307875.1"
"3374751","40","GCA_000308315.1"
"7722536","68.5","GCA_000308435.1"
"7367991","68.5","GCA_000308575.1"
"6980705","69.5","GCA_000308595.1"
"7588197","68","GCA_000308755.1"
"8933351","67.5","GCA_000308815.1"
"2536876",NA,"GCA_000312445.1"
"2154766","48","GCA_000312645.1"
"4842140","41","GCA_000314975.1"
"4360693","41","GCA_000315035.1"
"5239503","44","GCA_000315055.1"
"2695031",NA,"GCA_000315365.1"
"7087734",NA,"GCA_000315485.1"
"4952465","69","GCA_000315795.1"
"7507281","50.5","GCA_000316285.1"
"4513714",NA,"GCA_000317835.1"
"8632460","68.5","GCA_000320925.1"
"5608040",NA,"GCA_000325705.1"
"6737864","42.5","GCA_000331535.1"
"3914632",NA,"GCA_000332115.1"
"5339792","54.5","GCA_000336575.1"
"5808301","70.5","GCA_000341025.1"
"4870514","66","GCA_000342045.1"
"8264165",NA,"GCA_000344805.1"
"4805588","45.5","GCA_000346615.1"
"4033468","58.5","GCA_000347775.1"
"2657893",NA,"GCA_000348725.1"
"4830181",NA,"GCA_000348785.1"
"3207463","55","GCA_000348905.1"
"2637625","49.5","GCA_000349205.1"
"2351656",NA,"GCA_000349725.1"
"4282232","67","GCA_000350145.1"
"3185418","64.5","GCA_000350525.1"
"3034425","38","GCA_000359605.1"
"2769471",NA,"GCA_000365025.1"
"4676060",NA,"GCA_000365305.1"
"2311610","46.5","GCA_000372065.1"
"2647343","67","GCA_000372245.1"
"11392659",NA,"GCA_000372745.1"
"3912050",NA,"GCA_000372845.1"
"2144606",NA,"GCA_000373045.1"
"4510688",NA,"GCA_000373085.1"
"3455832",NA,"GCA_000373185.1"
"5442202",NA,"GCA_000373245.1"
"4581480",NA,"GCA_000373265.1"
"2316529",NA,"GCA_000373345.1"
"2435292",NA,"GCA_000373705.1"
"2668297",NA,"GCA_000373745.1"
"5021710",NA,"GCA_000373965.1"
"6107890",NA,"GCA_000374045.1"
"2681803",NA,"GCA_000374105.1"
"5927438",NA,"GCA_000374125.1"
"3409949",NA,"GCA_000374145.1"
"6167782",NA,"GCA_000374305.1"
"3865648",NA,"GCA_000374505.1"
"4509444",NA,"GCA_000374565.1"
"2503561",NA,"GCA_000374625.1"
"4804136",NA,"GCA_000374825.1"
"1991020","44","GCA_000375345.1"
"2634691","38","GCA_000375405.1"
"3831242","43","GCA_000375425.1"
"2857749","40","GCA_000375465.1"
"4082245","57.5","GCA_000375545.1"
"2023236","56.5","GCA_000375645.1"
"5643744","62.5","GCA_000376125.1"
"3363524","55","GCA_000376225.1"
"2419519","62.5","GCA_000376245.1"
"2821579","55","GCA_000376385.1"
"6564965","49","GCA_000376785.1"
"3785435","54.5","GCA_000376945.1"
"6385800",NA,"GCA_000377505.1"
"4058777",NA,"GCA_000377665.1"
"3831781",NA,"GCA_000377705.1"
"4068866",NA,"GCA_000377745.1"
"4409254",NA,"GCA_000377765.1"
"2862363",NA,"GCA_000377985.1"
"5364574",NA,"GCA_000378045.1"
"4343639",NA,"GCA_000378125.1"
"4699563",NA,"GCA_000378145.1"
"2384067",NA,"GCA_000378165.1"
"3985437",NA,"GCA_000378185.1"
"4576607",NA,"GCA_000378205.1"
"3351270",NA,"GCA_000378345.1"
"2330046",NA,"GCA_000378365.1"
"4476185",NA,"GCA_000378425.1"
"4304237",NA,"GCA_000378465.1"
"4489248",NA,"GCA_000378485.1"
"4533090",NA,"GCA_000378505.1"
"5484375",NA,"GCA_000378625.1"
"2391937",NA,"GCA_000378745.1"
"3001811",NA,"GCA_000378765.1"
"5387817",NA,"GCA_000379165.1"
"2944170",NA,"GCA_000379425.1"
"2946743",NA,"GCA_000379445.1"
"4175892",NA,"GCA_000379485.1"
"4770838",NA,"GCA_000379665.1"
"7298817",NA,"GCA_000379805.1"
"2650108",NA,"GCA_000379965.1"
"4766107","66","GCA_000380505.1"
"4835674","49","GCA_000380565.1"
"5675308",NA,"GCA_000380965.1"
"4776693",NA,"GCA_000380985.1"
"2688760",NA,"GCA_000381005.1"
"2552883",NA,"GCA_000381085.1"
"5166130",NA,"GCA_000381645.1"
"2847348",NA,"GCA_000381765.1"
"3799525",NA,"GCA_000381785.1"
"6309271",NA,"GCA_000381905.1"
"3906474",NA,"GCA_000382125.1"
"3750691",NA,"GCA_000382245.1"
"3721596",NA,"GCA_000382265.1"
"4119451",NA,"GCA_000382285.1"
"3105947",NA,"GCA_000382325.1"
"6594487",NA,"GCA_000382345.1"
"4783755",NA,"GCA_000382365.1"
"3314235",NA,"GCA_000382385.1"
"4646209",NA,"GCA_000382445.1"
"5087183","67.5","GCA_000382705.1"
"3059517",NA,"GCA_000383875.1"
"6546036",NA,"GCA_000383955.1"
"4687143",NA,"GCA_000384075.1"
"2085243",NA,"GCA_000384135.1"
"2356686",NA,"GCA_000384235.1"
"3545807","45","GCA_000384815.1"
"1730812","50","GCA_000387565.1"
"5824957",NA,"GCA_000400325.1"
"6052299",NA,"GCA_000400365.1"
"6964487",NA,"GCA_000402035.1"
"4687695","38","GCA_000403135.1"
"4937637",NA,"GCA_000406145.1"
"4563790",NA,"GCA_000406165.1"
"4817532",NA,"GCA_000406185.1"
"4577611","58","GCA_000409225.1"
"4322611","57.5","GCA_000409285.1"
"4434037","57","GCA_000409305.1"
"5070590",NA,"GCA_000409775.1"
"4642307","57.5","GCA_000410875.1"
"4734285","44","GCA_000414175.1"
"2751233",NA,"GCA_000418365.1"
"2944984",NA,"GCA_000419445.1"
"3399024","63.5","GCA_000419585.1"
"3079036","35","GCA_000419685.1"
"2424065","65","GCA_000420045.1"
"2947823","47.5","GCA_000420205.1"
"3979980","39","GCA_000420245.1"
"4274427",NA,"GCA_000420285.1"
"3068208","62.5","GCA_000420305.1"
"3947342",NA,"GCA_000420325.1"
"1749386","37","GCA_000420385.1"
"3091755","65.5","GCA_000420545.1"
"3690548","60.5","GCA_000420625.1"
"3139679","48","GCA_000420725.1"
"2613739","64.5","GCA_000420765.1"
"2775456","55.5","GCA_000420805.1"
"4802534",NA,"GCA_000421145.1"
"3830061",NA,"GCA_000421165.1"
"3852644",NA,"GCA_000421185.1"
"3509607","58.5","GCA_000421465.1"
"2990149","68.5","GCA_000421525.1"
"4303916","69","GCA_000421565.1"
"2302285","45","GCA_000421585.1"
"2263010",NA,"GCA_000421625.1"
"4615647","66.5","GCA_000421645.1"
"2242440","38","GCA_000421665.1"
"3164519","66.5","GCA_000421705.1"
"2591866","63.5","GCA_000421745.1"
"3022325","48.5","GCA_000421765.1"
"3693075","68","GCA_000421825.1"
"2964712","70","GCA_000421845.1"
"3202328","64.5","GCA_000422245.1"
"2982326",NA,"GCA_000422265.1"
"3435542",NA,"GCA_000422345.1"
"3115873",NA,"GCA_000422405.1"
"5027965",NA,"GCA_000422445.1"
"6968425",NA,"GCA_000422465.1"
"5714182",NA,"GCA_000422485.1"
"3009872",NA,"GCA_000422625.1"
"3885737",NA,"GCA_000422665.1"
"4002854",NA,"GCA_000422705.1"
"4638566",NA,"GCA_000422725.1"
"4391552",NA,"GCA_000422765.1"
"4060447",NA,"GCA_000422825.1"
"7048723",NA,"GCA_000422885.1"
"4332940",NA,"GCA_000422925.1"
"3445768",NA,"GCA_000422945.1"
"5230452",NA,"GCA_000422965.1"
"3269398",NA,"GCA_000423045.1"
"2707549",NA,"GCA_000423105.1"
"4258722",NA,"GCA_000423125.1"
"2624474",NA,"GCA_000423165.1"
"3038127",NA,"GCA_000423205.1"
"1385752",NA,"GCA_000423245.1"
"1720753",NA,"GCA_000423265.1"
"2722122",NA,"GCA_000423325.1"
"4502291",NA,"GCA_000423345.1"
"3539530",NA,"GCA_000423365.1"
"3205558",NA,"GCA_000423405.1"
"2223047",NA,"GCA_000423505.1"
"2411055",NA,"GCA_000423525.1"
"3764506",NA,"GCA_000423585.1"
"3554982",NA,"GCA_000423645.1"
"9313965",NA,"GCA_000423665.1"
"1871474",NA,"GCA_000423865.1"
"3544726",NA,"GCA_000424665.1"
"2282467",NA,"GCA_000425045.1"
"2677837",NA,"GCA_000425105.1"
"5247653",NA,"GCA_000425125.1"
"4021020",NA,"GCA_000425145.1"
"4690166",NA,"GCA_000425165.1"
"4620652",NA,"GCA_000425185.1"
"3670551",NA,"GCA_000425205.1"
"4276966",NA,"GCA_000425225.1"
"4244138",NA,"GCA_000425425.1"
"4823485",NA,"GCA_000425445.1"
"3192093",NA,"GCA_000425465.1"
"5017423",NA,"GCA_000425625.1"
"3089149",NA,"GCA_000425645.1"
"3379129",NA,"GCA_000425685.1"
"3845569",NA,"GCA_000425705.1"
"5415134",NA,"GCA_000425785.1"
"2109822",NA,"GCA_000425825.1"
"2134509",NA,"GCA_000425865.1"
"3159341",NA,"GCA_000426365.1"
"4094970",NA,"GCA_000426445.1"
"4626718",NA,"GCA_000426505.1"
"4854484",NA,"GCA_000426525.1"
"6326414",NA,"GCA_000426545.1"
"3128717",NA,"GCA_000426585.1"
"3043901",NA,"GCA_000426605.1"
"3539325",NA,"GCA_000426625.1"
"5820860",NA,"GCA_000426645.1"
"4460203",NA,"GCA_000426685.1"
"3949848",NA,"GCA_000426705.1"
"1870913",NA,"GCA_000426745.1"
"3823881",NA,"GCA_000426765.1"
"3437861",NA,"GCA_000427095.1"
"4337031","33.5","GCA_000427335.1"
"4103433",NA,"GCA_000427445.1"
"3920299",NA,"GCA_000427645.1"
"6111684",NA,"GCA_000427785.1"
"3633399",NA,"GCA_000428125.1"
"3968450",NA,"GCA_000428145.1"
"3625890",NA,"GCA_000428485.1"
"5019539",NA,"GCA_000428505.1"
"3208823",NA,"GCA_000428525.1"
"6677094",NA,"GCA_000428565.1"
"5534630",NA,"GCA_000428725.1"
"2579573",NA,"GCA_000428765.1"
"4363047",NA,"GCA_000428905.1"
"2862294",NA,"GCA_000428925.1"
"2560738",NA,"GCA_000428965.1"
"4380400",NA,"GCA_000428985.1"
"3709060",NA,"GCA_000429005.1"
"5245321",NA,"GCA_000429045.1"
"4042904",NA,"GCA_000429125.1"
"3783840",NA,"GCA_000429145.1"
"4270516",NA,"GCA_000429165.1"
"2498023",NA,"GCA_000429245.1"
"4705742",NA,"GCA_000429325.1"
"4728486",NA,"GCA_000429365.1"
"4152949",NA,"GCA_000429425.1"
"5783376",NA,"GCA_000429445.1"
"4712065",NA,"GCA_000429465.1"
"4878345",NA,"GCA_000429485.1"
"4413269",NA,"GCA_000429505.1"
"3272318",NA,"GCA_000429525.1"
"4989751",NA,"GCA_000429545.1"
"3341181",NA,"GCA_000429605.1"
"4418137",NA,"GCA_000429685.1"
"4023079",NA,"GCA_000429705.1"
"3519702",NA,"GCA_000429725.1"
"4523636",NA,"GCA_000429765.1"
"3425989",NA,"GCA_000429785.1"
"4634066",NA,"GCA_000429845.1"
"3713661",NA,"GCA_000429865.1"
"6469960",NA,"GCA_000429905.1"
"4481975",NA,"GCA_000429925.1"
"5800571",NA,"GCA_000429945.1"
"3909169",NA,"GCA_000429985.1"
"2880663",NA,"GCA_000430025.1"
"4124462",NA,"GCA_000430545.1"
"3156061",NA,"GCA_000430565.1"
"4247673",NA,"GCA_000430625.1"
"4171218",NA,"GCA_000430745.1"
"5052265",NA,"GCA_000430765.1"
"3685547",NA,"GCA_000430805.1"
"4214564",NA,"GCA_000430825.1"
"4439376",NA,"GCA_000430845.1"
"3471050",NA,"GCA_000430885.1"
"5689389",NA,"GCA_000442255.1"
"3163144",NA,"GCA_000442315.1"
"2833547",NA,"GCA_000442645.1"
"4170546","64","GCA_000445065.1"
"5360246","63","GCA_000445105.1"
"4857928","64.5","GCA_000445125.1"
"3217068",NA,"GCA_000455445.1"
"3896245","66.5","GCA_000466965.1"
"2979231","68","GCA_000466985.1"
"3271684",NA,"GCA_000469325.1"
"2478994","60","GCA_000472405.1"
"8410967",NA,"GCA_000472825.1"
"4130897",NA,"GCA_000473105.1"
"4642596",NA,"GCA_000473145.1"
"5344253",NA,"GCA_000473165.1"
"5049234",NA,"GCA_000473205.1"
"4948550",NA,"GCA_000473225.1"
"5344419",NA,"GCA_000473325.1"
"5168091",NA,"GCA_000473365.1"
"3413912",NA,"GCA_000473955.1"
"4186503",NA,"GCA_000474945.1"
"2862526",NA,"GCA_000478885.1"
"4238191",NA,"GCA_000482485.1"
"5048579",NA,"GCA_000482705.1"
"3553960",NA,"GCA_000482745.1"
"2767614",NA,"GCA_000482805.1"
"2443034",NA,"GCA_000483485.1"
"1347499","32","GCA_000485845.1"
"4841867","55.5","GCA_000485945.1"
"2668938",NA,"GCA_000488215.1"
"4300776","68.5","GCA_000496075.1"
"3387090","37.5","GCA_000498495.1"
"2894932","39.5","GCA_000498515.1"
"6419614",NA,"GCA_000503215.1"
"3653837",NA,"GCA_000503895.1"
"9918887",NA,"GCA_000504285.1"
"3935582","43.5","GCA_000507105.1"
"4428962","45.5","GCA_000507125.1"
"3225035","32","GCA_000509405.1"
"3246830",NA,"GCA_000511175.1"
"3076856",NA,"GCA_000512915.1"
"4530938","38.5","GCA_000513095.1"
"4538064","38","GCA_000513115.1"
"4740369","37","GCA_000513135.1"
"2281162",NA,"GCA_000516535.1"
"9633614",NA,"GCA_000517005.1"
"4122270",NA,"GCA_000517065.1"
"5365278","43.5","GCA_000517545.1"
"2746431",NA,"GCA_000518745.1"
"4717857",NA,"GCA_000519105.1"
"3627185",NA,"GCA_000519125.1"
"9627966",NA,"GCA_000519185.1"
"5521807",NA,"GCA_000519325.1"
"3907117","38.5","GCA_000521465.1"
"3651580","36","GCA_000521485.1"
"4764126",NA,"GCA_000521505.1"
"4898228","70","GCA_000521865.1"
"2201349","27","GCA_000522465.1"
"4236551","70","GCA_000526155.1"
"3223212","60.5","GCA_000526375.1"
"2452457","41.5","GCA_000526715.1"
"4384919","54.5","GCA_000527095.1"
"3132213",NA,"GCA_000550785.1"
"4295921","71.5","GCA_000559025.1"
"5313422","43.5","GCA_000566685.1"
"5413191","51","GCA_000568195.1"
"4636528","71.5","GCA_000576595.1"
"2844682","42","GCA_000583655.1"
"3449704","44","GCA_000583695.1"
"3488464",NA,"GCA_000585335.1"
"6075237",NA,"GCA_000585395.1"
"2548011",NA,"GCA_000585415.1"
"3555109",NA,"GCA_000590925.1"
"4049952","57.5","GCA_000591415.1"
"3055036",NA,"GCA_000597865.1"
"3139412",NA,"GCA_000599985.1"
"2527978",NA,"GCA_000600005.1"
"2892465","32","GCA_000601455.1"
"3987077","74","GCA_000603945.1"
"2454642","38.5","GCA_000612445.1"
"5270569",NA,"GCA_000612505.1"
"6462090","68","GCA_000613185.1"
"3133102","62","GCA_000613305.1"
"3489881","44.5","GCA_000613445.1"
"4443004","42.5","GCA_000613545.1"
"3116148","53","GCA_000613565.1"
"3449113","37.5","GCA_000613605.1"
"2518161","47.5","GCA_000613625.1"
"2560108","45","GCA_000613725.1"
"2625415","38","GCA_000613745.1"
"2372746","36.5","GCA_000613765.1"
"3430348","37","GCA_000613805.1"
"3680704","41.5","GCA_000613825.1"
"2949807","41","GCA_000613925.1"
"2800241","44","GCA_000613945.1"
"3296416","47.5","GCA_000613965.1"
"2647472","38.5","GCA_000613985.1"
"3116396","42.5","GCA_000614005.1"
"3002170","39","GCA_000614025.1"
"2546609","50.5","GCA_000614065.1"
"2426740","45.5","GCA_000614105.1"
"4782583","38.5","GCA_000614145.1"
"6241374","44.5","GCA_000614165.1"
"2975513","43.5","GCA_000614205.1"
"5143934","44","GCA_000614865.1"
"4929916","53","GCA_000614935.1"
"4424648","40.5","GCA_000614975.1"
"6073945","66.5","GCA_000615485.1"
"7528429","47","GCA_000615615.1"
"1667319","34","GCA_000615845.1"
"2073290","38.5","GCA_000615885.1"
"2678542","37.5","GCA_000615905.1"
"4534596","39.5","GCA_000615945.1"
"4516452","61.5","GCA_000615975.1"
"4072141","57.5","GCA_000616065.1"
"3629390","47","GCA_000616095.1"
"4753597",NA,"GCA_000619945.1"
"3250627",NA,"GCA_000620125.1"
"3711979",NA,"GCA_000620145.1"
"1871412",NA,"GCA_000621005.1"
"1922095",NA,"GCA_000621025.1"
"4853010",NA,"GCA_000621125.1"
"4710926",NA,"GCA_000621185.1"
"3718676",NA,"GCA_000621325.1"
"6132222",NA,"GCA_000621505.1"
"5151245",NA,"GCA_000621705.1"
"3798752","44","GCA_000632715.1"
"5396991",NA,"GCA_000632805.1"
"3631113","62.5","GCA_000636015.1"
"3715337","61","GCA_000647975.1"
"6475434","65","GCA_000684975.1"
"10647665","64","GCA_000685075.1"
"3769755","61","GCA_000686045.1"
"2939696",NA,"GCA_000686525.1"
"4101506",NA,"GCA_000686705.1"
"3158735",NA,"GCA_000686885.1"
"2920434",NA,"GCA_000686905.1"
"2218565","59","GCA_000687635.1"
"4659730","68","GCA_000688295.1"
"3686523","56.5","GCA_000688455.1"
"3872586",NA,"GCA_000688515.1"
"4766895","39","GCA_000690055.1"
"3731735","41.5","GCA_000691165.1"
"3412133","52","GCA_000691225.1"
"6704301","63","GCA_000698555.1"
"7767215","62.5","GCA_000698575.1"
"4230588","63","GCA_000699185.1"
"4800021",NA,"GCA_000701405.1"
"2948319",NA,"GCA_000701465.1"
"3118301",NA,"GCA_000701905.1"
"2411783",NA,"GCA_000702165.1"
"3089404","47","GCA_000702625.1"
"1733268","34","GCA_000705275.1"
"2349614","35","GCA_000708655.1"
"3045860","37","GCA_000709085.1"
"5088373","54","GCA_000711225.1"
"6428469","69.5","GCA_000711725.1"
"4185035",NA,"GCA_000711735.1"
"4463095",NA,"GCA_000711805.1"
"5149006",NA,"GCA_000711875.1"
"5780610",NA,"GCA_000711955.1"
"4586440",NA,"GCA_000711985.1"
"2554929",NA,"GCA_000712035.1"
"3101937","53","GCA_000714435.1"
"3213871","65","GCA_000714795.1"
"4874793","56.5","GCA_000714935.1"
"3736192","41.5","GCA_000715205.1"
"4179056","62.5","GCA_000715505.1"
"7309272","72.5","GCA_000717315.1"
"4163496","73","GCA_000720335.1"
"5602297",NA,"GCA_000722565.1"
"6342227",NA,"GCA_000722635.1"
"4228350",NA,"GCA_000723205.1"
"2602215","60","GCA_000730485.1"
"3554760","64.5","GCA_000731955.1"
"6343049","61.5","GCA_000732195.1"
"4676087","42.5","GCA_000732725.1"
"3805681","66.5","GCA_000733765.1"
"4335162","51.5","GCA_000733935.1"
"4236390","38","GCA_000735105.1"
"4321991","35","GCA_000735535.1"
"5877671","32.5","GCA_000737695.1"
"4754478","36.5","GCA_000737705.1"
"1895239","56","GCA_000737845.1"
"5224920","59.5","GCA_000738675.1"
"8007470","64.5","GCA_000739775.1"
"8491217","64","GCA_000739815.1"
"9925782","62","GCA_000739835.1"
"1860394","43","GCA_000740055.1"
"2170490","63","GCA_000741285.1"
"2249807","59","GCA_000741365.1"
"2304613","59.5","GCA_000741415.1"
"2280234","60.5","GCA_000741615.1"
"2615078","59","GCA_000741705.1"
"2977056","68.5","GCA_000743535.1"
"4514366","35","GCA_000744105.1"
"1714776","37","GCA_000744435.1"
"7806543","73.5","GCA_000744815.1"
"2518244","35.5","GCA_000745125.1"
"2172469",NA,"GCA_000745455.1"
"2928893",NA,"GCA_000745905.1"
"8177135",NA,"GCA_000745965.1"
"4466775",NA,"GCA_000745975.1"
"3971247",NA,"GCA_000746085.1"
"3093011","65.5","GCA_000747135.1"
"3056622","70","GCA_000747155.1"
"3161214","70.5","GCA_000747175.1"
"2480276","53","GCA_000753715.1"
"2800562",NA,"GCA_000755145.1"
"9702951",NA,"GCA_000756045.1"
"4132804","56.5","GCA_000756665.1"
"4387007","41","GCA_000756815.1"
"6286629",NA,"GCA_000757795.1"
"5988861","45","GCA_000757885.1"
"3059956","41","GCA_000759075.1"
"5647497","60","GCA_000759445.1"
"5302980","67","GCA_000759695.1"
"2968736",NA,"GCA_000759715.1"
"3379958",NA,"GCA_000761445.1"
"3369357","66.5","GCA_000763375.1"
"3358707","69","GCA_000763805.1"
"4012851","65","GCA_000763905.1"
"3212303",NA,"GCA_000764025.1"
"4356826","65.5","GCA_000764165.1"
"2698995",NA,"GCA_000767055.1"
"3183361","72","GCA_000767165.1"
"3976246","73","GCA_000767175.1"
"5457578",NA,"GCA_000767465.1"
"3085112","69.5","GCA_000768335.1"
"3032117","67","GCA_000768345.1"
"3275062","67.5","GCA_000768355.1"
"3561699","71.5","GCA_000768675.1"
"4087970","71.5","GCA_000768695.1"
"3219590",NA,"GCA_000769435.1"
"4479972","39.5","GCA_000769825.1"
"2883777","40.5","GCA_000769835.1"
"3375260","37.5","GCA_000769895.1"
"3800758","37.5","GCA_000769915.1"
"4637174","41.5","GCA_000769935.1"
"2691386","70","GCA_000769985.1"
"3872934","41","GCA_000770675.1"
"3274406","67","GCA_000770795.1"
"2230329","59","GCA_000770925.1"
"2278427","60.5","GCA_000770945.1"
"1912794","56","GCA_000771085.1"
"2154054","63","GCA_000771525.1"
"2621124","58.5","GCA_000771565.1"
"2291980","59.5","GCA_000771705.1"
"4564150","37.5","GCA_000772935.1"
"4047197","35","GCA_000772945.1"
"4017054","38.5","GCA_000772955.1"
"3999909","34.5","GCA_000772965.1"
"4512819","41","GCA_000773015.1"
"3532243","43","GCA_000775595.1"
"4222198","38.5","GCA_000775605.1"
"4865284","38","GCA_000787375.1"
"4815987",NA,"GCA_000788395.1"
"3953230",NA,"GCA_000789235.1"
"2692351",NA,"GCA_000807275.1"
"2345236","39.5","GCA_000812875.1"
"4756255","42","GCA_000813125.1"
"2833185","44","GCA_000813325.1"
"5384605",NA,"GCA_000818395.1"
"2681312",NA,"GCA_000819445.1"
"4110035","58","GCA_000819725.1"
"4302589",NA,"GCA_000819765.1"
"3904228",NA,"GCA_000819885.1"
"4484338",NA,"GCA_000819985.1"
"4534147",NA,"GCA_000820045.1"
"4186903",NA,"GCA_000820085.1"
"4250891",NA,"GCA_000820165.1"
"1414910","30.5","GCA_000825765.1"
"3680502","33.5","GCA_000826645.1"
"3945764","32.5","GCA_000826655.1"
"3717645",NA,"GCA_000827125.1"
"2400586",NA,"GCA_000829395.1"
"3776953","39.5","GCA_000829435.1"
"3364745","43","GCA_000829445.1"
"3650490","41","GCA_000829515.1"
"3366995",NA,"GCA_000832905.1"
"4180927",NA,"GCA_000836695.1"
"1904253","40","GCA_000876205.1"
"4098947","66.5","GCA_000877395.1"
"2934611",NA,"GCA_000934545.1"
"4902375",NA,"GCA_000934725.1"
"3102228",NA,"GCA_000934765.1"
"6475959",NA,"GCA_000940805.1"
"1483284",NA,"GCA_000940955.1"
"5909413",NA,"GCA_000940995.1"
"3088654","55.5","GCA_000949255.1"
"4111078","56.5","GCA_000949455.1"
"3599434",NA,"GCA_000950575.1"
"3047473","70","GCA_000956535.1"
"4037586","70.5","GCA_000956545.1"
"7637524","68","GCA_000960825.1"
"4817335",NA,"GCA_000960975.1"
"3832037","61","GCA_000963705.1"
"3274259",NA,"GCA_000963865.1"
"4744957","68.5","GCA_000964005.1"
"3862273",NA,"GCA_000964365.1"
"4689432","42.5","GCA_000966195.1"
"3907140","43.5","GCA_000966225.1"
"4796711",NA,"GCA_000968535.1"
"4465063","66","GCA_000969415.1"
"5558097",NA,"GCA_000969705.1"
"6793348",NA,"GCA_000969825.1"
"4474336","62.5","GCA_000970435.1"
"4519556","61","GCA_000971275.1"
"4967635","64.5","GCA_000971335.1"
"2026292",NA,"GCA_000973625.1"
"4921400","45","GCA_000974365.1"
"3217375","66.5","GCA_000974765.1"
"5693518","49.5","GCA_000974785.1"
"3209522",NA,"GCA_000974805.1"
"2546965",NA,"GCA_000975035.1"
"2460989",NA,"GCA_000975055.1"
"2643741","66","GCA_000975075.1"
"2495242",NA,"GCA_000981765.1"
"2944717",NA,"GCA_000983115.1"
"2217891",NA,"GCA_000987835.1"
"3158922","63.5","GCA_001005215.1"
"3555957","28.5","GCA_001006285.1"
"4237705","64","GCA_001010355.1"
"2724959","62.5","GCA_001010925.1"
"2834102","59","GCA_001013305.1"
"2835898","59","GCA_001021555.1"
"5309094",NA,"GCA_001026695.1"
"2397977","46.5","GCA_001027865.1"
"2885033",NA,"GCA_001028625.1"
"5536932","50.5","GCA_001029455.1"
"3979837","37","GCA_001038485.1"
"5752782",NA,"GCA_001038625.1"
"4256776",NA,"GCA_001039475.1"
"1667406",NA,"GCA_001042655.1"
"6291043","66.5","GCA_001042925.1"
"5676287","58","GCA_001043025.1"
"4792107","57.5","GCA_001043055.1"
"3998597",NA,"GCA_001043175.1"
"6851766","71","GCA_001043885.1"
"7425331","70","GCA_001043915.1"
"6743422","70.5","GCA_001043955.1"
"7433592","70.5","GCA_001043975.1"
"5202773","37.5","GCA_001045465.1"
"6317050",NA,"GCA_001045685.1"
"5313474",NA,"GCA_001046635.1"
"4656115",NA,"GCA_001046645.1"
"5537404","62.5","GCA_001049515.1"
"2888349","54","GCA_001049735.1"
"6158829",NA,"GCA_001050135.1"
"3687036","47","GCA_001050275.1"
"2161277",NA,"GCA_001078375.1"
"4191200","70","GCA_001182895.1"
"5221635",NA,"GCA_001183605.1"
"5428425",NA,"GCA_001183985.1"
"4759248",NA,"GCA_001189575.1"
"5297014","61","GCA_001189955.1"
"5266109","60","GCA_001189965.1"
"3397304","29","GCA_001190785.1"
"5420910",NA,"GCA_001190945.1"
"4514407",NA,"GCA_001192835.1"
"3881015","59","GCA_001202015.1"
"3818437","58.5","GCA_001202025.1"
"3887441","58","GCA_001202035.1"
"4965474",NA,"GCA_001267925.1"
"6388150","60","GCA_001269845.1"
"5682344",NA,"GCA_001273755.1"
"4312088",NA,"GCA_001274775.1"
"2769745",NA,"GCA_001274895.1"
"4603584","40","GCA_001274935.1"
"4758570",NA,"GCA_001274945.1"
"4364114",NA,"GCA_001277195.1"
"4628405",NA,"GCA_001277235.1"
"6198757",NA,"GCA_001277345.1"
"2630829",NA,"GCA_001277805.1"
"4533022",NA,"GCA_001278115.1"
"4597707",NA,"GCA_001278705.1"
"4100313",NA,"GCA_001278945.1"
"7087286",NA,"GCA_001280595.1"
"3087076","30","GCA_001280865.1"
"3189052","45.5","GCA_001280875.1"
"2786256",NA,"GCA_001281485.1"
"4866035",NA,"GCA_001281525.1"
"1671206",NA,"GCA_001283005.1"
"4057827","45","GCA_001292705.1"
"1860551",NA,"GCA_001293125.1"
"6142063","73","GCA_001293525.1"
"3441030","50","GCA_001293565.1"
"5614477","56.5","GCA_001293685.1"
"4928951","60","GCA_001294205.1"
"5079079","60.5","GCA_001294535.1"
"3873116",NA,"GCA_001295365.1"
"4190928","65.5","GCA_001298675.1"
"4568828","45.5","GCA_001305295.1"
"7609458",NA,"GCA_001305595.1"
"4428727",NA,"GCA_001305675.1"
"4230078","60","GCA_001306035.1"
"3676575","47","GCA_001306095.1"
"4338330","55","GCA_001306115.1"
"4474039","41.5","GCA_001306455.1"
"3054269",NA,"GCA_001307195.1"
"3725379",NA,"GCA_001307765.1"
"3342977","65.5","GCA_001310775.1"
"6053738","52","GCA_001310815.1"
"3453494","47","GCA_001311075.1"
"1355137","41","GCA_001311215.1"
"2248882","57","GCA_001311255.1"
"3101821","45","GCA_001311355.1"
"1593179","42.5","GCA_001311375.1"
"2335811","38","GCA_001311505.1"
"1840174","43","GCA_001311525.1"
"2774183","36","GCA_001311565.1"
"4726086","37.5","GCA_001311625.1"
"2025929","48","GCA_001311765.1"
"2420749","48","GCA_001311785.1"
"3208301","44","GCA_001311805.1"
"2999756","37","GCA_001311865.1"
"2581434","45.5","GCA_001311885.1"
"4060997","33","GCA_001311925.1"
"4207363","53.5","GCA_001311985.1"
"4563759","37.5","GCA_001312025.1"
"2635695","40","GCA_001312045.1"
"1572417","39.5","GCA_001312065.1"
"1966929","35","GCA_001312085.1"
"2488352","66","GCA_001312265.1"
"3300107","66","GCA_001312285.1"
"1601805","39","GCA_001312765.1"
"2744707","44","GCA_001313185.1"
"2595250","46.5","GCA_001313205.1"
"4850862","42.5","GCA_001313265.1"
"5134458","62","GCA_001313365.1"
"1778143","69.5","GCA_001314025.1"
"1171077","69","GCA_001314205.1"
"4530938","38.5","GCA_001315045.1"
"4538064","38","GCA_001315065.1"
"4740369","37","GCA_001315085.1"
"3876322","45.5","GCA_001315785.1"
"3328570","66.5","GCA_001375595.1"
"5044184","51.5","GCA_001399675.1"
"5506799",NA,"GCA_001401755.1"
"3732966",NA,"GCA_001403635.1"
"3660824","68","GCA_001403735.1"
"3486999",NA,"GCA_001403795.1"
"2888349","54","GCA_001404155.1"
"3833324","65.5","GCA_001408515.1"
"4373820",NA,"GCA_001418005.1"
"2848002",NA,"GCA_001418035.1"
"4166348","32.5","GCA_001418105.1"
"3203428",NA,"GCA_001418255.1"
"2331098",NA,"GCA_001418685.1"
"3813178","34","GCA_001420285.1"
"3967762",NA,"GCA_001420645.1"
"5297592",NA,"GCA_001420715.1"
"3553658","64.5","GCA_001431405.1"
"3284859","68.5","GCA_001431505.1"
"3508292","66","GCA_001431585.1"
"2323622","37.5","GCA_001433815.1"
"1868110","38.5","GCA_001433915.1"
"2593269","46.5","GCA_001433995.1"
"2704501",NA,"GCA_001434115.1"
"2078190",NA,"GCA_001434335.1"
"1848461",NA,"GCA_001434365.1"
"2815465",NA,"GCA_001434395.1"
"2091181",NA,"GCA_001434405.1"
"1685542",NA,"GCA_001434455.1"
"2219511","35","GCA_001434585.1"
"2280237",NA,"GCA_001434705.1"
"2476425",NA,"GCA_001434785.1"
"2052598",NA,"GCA_001434815.1"
"2918319",NA,"GCA_001434835.1"
"2298009",NA,"GCA_001434845.1"
"2882915",NA,"GCA_001434855.1"
"2751938",NA,"GCA_001434895.1"
"2232918",NA,"GCA_001434915.1"
"2865290","43.5","GCA_001435135.1"
"1692961","42.5","GCA_001435165.1"
"2639652",NA,"GCA_001435195.1"
"2605329",NA,"GCA_001435235.1"
"1599963",NA,"GCA_001435245.1"
"2241837","51","GCA_001435475.1"
"2518380",NA,"GCA_001435505.1"
"2683197",NA,"GCA_001435555.1"
"2914395","36","GCA_001435815.1"
"1898108",NA,"GCA_001435835.1"
"2859511",NA,"GCA_001435875.1"
"3081674",NA,"GCA_001435895.1"
"1929842","47.5","GCA_001436115.1"
"1926334",NA,"GCA_001436125.1"
"2117633",NA,"GCA_001436275.1"
"2161766","36","GCA_001436305.1"
"3467402",NA,"GCA_001436375.1"
"1566789",NA,"GCA_001436555.1"
"1906034","37","GCA_001436575.1"
"3476170",NA,"GCA_001436595.1"
"1348606","41","GCA_001436645.1"
"2222963",NA,"GCA_001436675.1"
"1873389",NA,"GCA_001436695.1"
"2459509",NA,"GCA_001436705.1"
"1919106",NA,"GCA_001436735.1"
"2407726",NA,"GCA_001436755.1"
"1646143",NA,"GCA_001437055.1"
"2362603",NA,"GCA_001437125.1"
"2001630",NA,"GCA_001437365.1"
"2435824",NA,"GCA_001437465.1"
"1749240",NA,"GCA_001437485.1"
"2329330",NA,"GCA_001437505.1"
"1764961",NA,"GCA_001437605.1"
"2038400","39","GCA_001438655.1"
"1397811",NA,"GCA_001438785.1"
"2698724","35.5","GCA_001438805.1"
"2235695",NA,"GCA_001438825.1"
"2340699",NA,"GCA_001438865.1"
"5271464",NA,"GCA_001439605.1"
"4782966",NA,"GCA_001439635.1"
"4292461","33.5","GCA_001439665.1"
"6015212","59.5","GCA_001439735.1"
"6733097","60","GCA_001439845.1"
"5308781",NA,"GCA_001439965.1"
"2419359","33","GCA_001440545.1"
"2902267","64.5","GCA_001441535.1"
"4578348","63.5","GCA_001441615.1"
"6131579","42","GCA_001442615.1"
"6517553","38.5","GCA_001442625.1"
"4434543","36","GCA_001447995.1"
"6316979",NA,"GCA_001457615.1"
"3592055","58.5","GCA_001458315.1"
"4459382",NA,"GCA_001458375.1"
"4175618","59.5","GCA_001458415.1"
"2902055","64.5","GCA_001461885.1"
"4603216","66.5","GCA_001463825.1"
"3770082","61.5","GCA_001463845.1"
"4187548","65","GCA_001463885.1"
"4098233","66","GCA_001463905.1"
"5097296","67.5","GCA_001463945.1"
"3846294",NA,"GCA_001465875.1"
"1851576",NA,"GCA_001466665.1"
"4562553","68","GCA_001482405.1"
"4258055","56.5","GCA_001507545.1"
"4012034","63","GCA_001507595.1"
"3264334",NA,"GCA_001507665.1"
"1997652",NA,"GCA_001514535.1"
"4330398","60.5","GCA_001515285.1"
"5940902",NA,"GCA_001515365.1"
"2848002",NA,"GCA_001517245.1"
"3203428",NA,"GCA_001517285.1"
"4373820",NA,"GCA_001517345.1"
"1219211","26.5","GCA_001517835.1"
"4862077","61.5","GCA_001518015.1"
"3968408",NA,"GCA_001519075.1"
"5637742","57","GCA_001528745.1"
"8099863",NA,"GCA_001542405.1"
"2966978",NA,"GCA_001543325.1"
"2592181",NA,"GCA_001543875.1"
"3865262","55","GCA_001544355.1"
"1816670",NA,"GCA_001547735.1"
"1814952",NA,"GCA_001548275.1"
"4025086",NA,"GCA_001550055.1"
"4557777",NA,"GCA_001550065.1"
"3958855",NA,"GCA_001550085.1"
"4459111",NA,"GCA_001550155.1"
"3628929","59","GCA_001552255.1"
"3421583","59","GCA_001552655.1"
"5501999","48.5","GCA_001559595.1"
"2963953",NA,"GCA_001561915.1"
"3120417",NA,"GCA_001561955.1"
"3682052","47","GCA_001562055.1"
"4649146",NA,"GCA_001562195.1"
"3094505","40.5","GCA_001562415.1"
"2439065","46","GCA_001562425.1"
"3966573",NA,"GCA_001563225.1"
"5087431","38.5","GCA_001563495.1"
"5221450",NA,"GCA_001565895.1"
"1594458","42.5","GCA_001570685.1"
"4370484","74.5","GCA_001570825.1"
"2140375","64.5","GCA_001570905.1"
"2127204","61.5","GCA_001570925.1"
"2621735","69","GCA_001571025.1"
"5296644","61","GCA_001571165.1"
"4841746","67","GCA_001571225.1"
"6607932","66.5","GCA_001571325.1"
"2906526",NA,"GCA_001571425.1"
"3147268","40","GCA_001573155.1"
"4592604","71","GCA_001575215.1"
"3467246",NA,"GCA_001579945.1"
"2356970","63","GCA_001580015.1"
"2619147","55","GCA_001580025.1"
"2092503","60.5","GCA_001580045.1"
"3088073","58","GCA_001580535.1"
"3833476","56.5","GCA_001580615.1"
"3928785","55.5","GCA_001580995.1"
"5430256",NA,"GCA_001583435.1"
"5599729",NA,"GCA_001584145.1"
"4159686",NA,"GCA_001584335.1"
"2365554","62.5","GCA_001584405.1"
"2297397","62.5","GCA_001584615.1"
"4347941",NA,"GCA_001590785.1"
"5121484",NA,"GCA_001590825.1"
"3514102","65","GCA_001591025.1"
"4806543","66","GCA_001591165.1"
"4936723","66","GCA_001591205.1"
"6724210","68.5","GCA_001591345.1"
"5159434","38.5","GCA_001591445.1"
"3294206","40.5","GCA_001591485.1"
"5464808","39.5","GCA_001591665.1"
"5569548","40","GCA_001591805.1"
"4410879","43.5","GCA_001591825.1"
"4158197","43","GCA_001591925.1"
"4523637","41","GCA_001591965.1"
"4409961","45.5","GCA_001592005.1"
"4266908","35.5","GCA_001592025.1"
"2682447","37.5","GCA_001592065.1"
"2209656","48.5","GCA_001592085.1"
"2981061","40.5","GCA_001592105.1"
"4500791","67.5","GCA_001592285.1"
"5275331","66.5","GCA_001592305.1"
"4189908","40","GCA_001592935.1"
"5329483","36","GCA_001593385.1"
"3882610",NA,"GCA_001593605.1"
"3060113","29.5","GCA_001594005.1"
"2374692","45.5","GCA_001595645.1"
"2045211",NA,"GCA_001595965.1"
"2318061",NA,"GCA_001595985.1"
"4760335","48","GCA_001597655.1"
"2182100",NA,"GCA_001598035.1"
"7136420",NA,"GCA_001598055.1"
"5819413","70","GCA_001598255.1"
"5924510","33.5","GCA_001602525.1"
"3968191","47","GCA_001611555.1"
"6331681","69","GCA_001613125.1"
"7480314",NA,"GCA_001618865.1"
"5126200","50.5","GCA_001623255.1"
"3413796","37","GCA_001623405.1"
"2322791",NA,"GCA_001623565.1"
"6186893","32.5","GCA_001632745.1"
"4446619",NA,"GCA_001632775.1"
"5138363",NA,"GCA_001636425.1"
"3721009","34.5","GCA_001637185.1"
"5709291","40.5","GCA_001637205.1"
"5372668","40.5","GCA_001637225.1"
"4645560","40","GCA_001637335.1"
"4926551","61.5","GCA_001640105.1"
"4227172",NA,"GCA_001641285.1"
"4797622",NA,"GCA_001641615.1"
"2270963","43","GCA_001642325.1"
"9106064",NA,"GCA_001642675.1"
"3399813",NA,"GCA_001642735.1"
"3834113","35","GCA_001642835.1"
"6529821","53.5","GCA_001642875.1"
"3217288",NA,"GCA_001643015.1"
"5940863",NA,"GCA_001644645.1"
"4035445","37.5","GCA_001648555.1"
"3878148","64","GCA_001650025.1"
"4164497","65","GCA_001650635.1"
"5136885",NA,"GCA_001650695.1"
"4619819",NA,"GCA_001650715.1"
"5191608",NA,"GCA_001651805.1"
"6039294","62.5","GCA_001651865.1"
"3819237",NA,"GCA_001652445.1"
"2119932","50","GCA_001652585.1"
"2937150","51.5","GCA_001652705.1"
"4875098","62","GCA_001653095.1"
"4972584","39.5","GCA_001653135.1"
"4376707",NA,"GCA_001653335.1"
"7023890",NA,"GCA_001653715.1"
"3293944",NA,"GCA_001653755.1"
"6085092",NA,"GCA_001653795.1"
"4275406",NA,"GCA_001656035.1"
"2232205",NA,"GCA_001659725.1"
"4373124",NA,"GCA_001660485.1"
"3306530",NA,"GCA_001661915.1"
"4210079","62.5","GCA_001661965.1"
"3571641","63.5","GCA_001662305.1"
"3614588",NA,"GCA_001672295.1"
"5905968",NA,"GCA_001675045.1"
"2492918","55.5","GCA_001676655.1"
"4805598","65","GCA_001676875.1"
"2995154","65","GCA_001677335.1"
"4059891",NA,"GCA_001677435.1"
"2940227",NA,"GCA_001678855.1"
"2392314",NA,"GCA_001678905.1"
"4720655","59","GCA_001681715.1"
"4843795","59","GCA_001681735.1"
"3157849",NA,"GCA_001683795.1"
"5420031",NA,"GCA_001684335.1"
"5053343","38.5","GCA_001684965.1"
"4427097","41","GCA_001685015.1"
"3958831","34","GCA_001686935.1"
"2762845","36","GCA_001686945.1"
"2202666",NA,"GCA_001687305.1"
"2524199","43.5","GCA_001687335.1"
"2591679",NA,"GCA_001687545.1"
"2760011",NA,"GCA_001689915.1"
"1909306",NA,"GCA_001695395.1"
"3427057",NA,"GCA_001697185.1"
"3243537",NA,"GCA_001697225.1"
"7877932",NA,"GCA_001700435.1"
"3585187",NA,"GCA_001701045.1"
"3741098",NA,"GCA_001704115.1"
"1668500","29.5","GCA_001705345.1"
"5288133","45.5","GCA_001707825.1"
"2275471",NA,"GCA_001708305.1"
"2496140",NA,"GCA_001708405.1"
"3122722","44.5","GCA_001715195.1"
"2040210","46","GCA_001719065.1"
"3251353",NA,"GCA_001719165.1"
"4512111","69","GCA_001720585.1"
"4099485","65.5","GCA_001721295.1"
"2224341","33.5","GCA_001730235.1"
"3119699","38","GCA_001742305.1"
"3638804","54.5","GCA_001746755.1"
"4640370","30.5","GCA_001747085.1"
"5556502","61","GCA_001748285.1"
"3864326",NA,"GCA_001750105.1"
"3464277","43","GCA_001750285.1"
"3441881",NA,"GCA_001752395.1"
"3317704",NA,"GCA_001752425.1"
"3526118",NA,"GCA_001753165.1"
"5018451",NA,"GCA_001758465.1"
"3426122",NA,"GCA_001761325.1"
"4944132",NA,"GCA_001761385.1"
"4402594",NA,"GCA_001761465.1"
"3505604",NA,"GCA_001787335.1"
"3027315",NA,"GCA_001831475.1"
"3861670",NA,"GCA_001831495.1"
"4121005",NA,"GCA_001854125.1"
"4743224",NA,"GCA_001854475.1"
"2343503","43.5","GCA_001855385.1"
"1073956","48","GCA_001856085.1"
"2207832",NA,"GCA_001856685.1"
"4757181",NA,"GCA_001857945.1"
"3851214",NA,"GCA_001857965.1"
"4609363","35","GCA_001866055.1"
"4081579",NA,"GCA_001874525.1"
"3958683","63.5","GCA_001879695.1"
"5513239","35","GCA_001883995.1"
"5416792","35","GCA_001884025.1"
"5217784","35","GCA_001884035.1"
"5660141","35.5","GCA_001884045.1"
"5859329","35","GCA_001884065.1"
"5094423","35.5","GCA_001884105.1"
"5487699","35.5","GCA_001884135.1"
"5806239","35","GCA_001884185.1"
"5453107","35","GCA_001884235.1"
"2613534",NA,"GCA_001885945.1"
"3543891",NA,"GCA_001886615.1"
"2724951",NA,"GCA_001886695.1"
"1983917",NA,"GCA_001886915.1"
"4207221",NA,"GCA_001888185.1"
"1891796",NA,"GCA_001888925.1"
"2978889",NA,"GCA_001889005.1"
"2533041",NA,"GCA_001889025.1"
"3019213",NA,"GCA_001889045.1"
"5324561",NA,"GCA_001889605.1"
"4106736","54","GCA_001890925.1"
"1430702","26","GCA_001891165.1"
"3324250","40.5","GCA_001906925.1"
"2027557",NA,"GCA_001907245.1"
"3574950","52","GCA_001908025.1"
"3938299",NA,"GCA_001908095.1"
"4246750",NA,"GCA_001908105.1"
"5098595","69.5","GCA_001927285.1"
"6079821",NA,"GCA_001929405.1"
"4464185",NA,"GCA_001931675.1"
"6316624",NA,"GCA_001936175.1"
"4873280","39.5","GCA_001936475.1"
"5638422","31","GCA_001936575.1"
"3191515","44","GCA_001936625.1"
"3592416",NA,"GCA_001938755.1"
"3610334","38.5","GCA_001939075.1"
"6484429",NA,"GCA_001939735.1"
"2604152",NA,"GCA_001941485.1"
"7523017",NA,"GCA_001941825.1"
"2465639",NA,"GCA_001950255.1"
"2603122","45.5","GCA_001952075.1"
"3357577",NA,"GCA_001953055.1"
"2092789",NA,"GCA_001953175.1"
"2042438","45.5","GCA_001953355.1"
"4629225","64.5","GCA_001953795.1"
"7651896",NA,"GCA_001956985.1"
"1607407","38","GCA_001968985.1"
"5763656",NA,"GCA_001969305.1"
"2534178",NA,"GCA_001971585.1"
"6492697",NA,"GCA_001971645.1"
"3448835",NA,"GCA_001975725.1"
"3237069",NA,"GCA_001975785.1"
"5012778",NA,"GCA_001976145.1"
"3117315","66","GCA_001981525.1"
"6249862","71","GCA_001982615.1"
"3920464","61","GCA_001989375.1"
"3442185","50.5","GCA_001996005.1"
"3603496","50","GCA_001996165.1"
"4951541",NA,"GCA_001997185.1"
"3222890",NA,"GCA_001997295.1"
"3934699",NA,"GCA_001997345.1"
"4149733",NA,"GCA_001999905.1"
"4288731",NA,"GCA_002000025.1"
"3989979",NA,"GCA_002000055.1"
"3356119","52","GCA_002003465.1"
"3240180",NA,"GCA_002005145.1"
"6353406",NA,"GCA_002005305.1"
"7035113","46","GCA_002013915.1"
"5399367",NA,"GCA_002019635.1"
"5427045",NA,"GCA_002019645.1"
"4058377",NA,"GCA_002019765.1"
"4916306","52","GCA_002042885.1"
"5693067",NA,"GCA_002043005.1"
"4035153",NA,"GCA_002056295.1"
"5828404",NA,"GCA_002067135.1"
"8748796",NA,"GCA_002071575.1"
"2262740",NA,"GCA_002072175.1"
"4842937","61","GCA_002075885.1"
"3755691",NA,"GCA_002077135.1"
"8532384","44.5","GCA_002077935.1"
"10058349","44.5","GCA_002077945.1"
"8986158","45","GCA_002077985.1"
"8612932","45.5","GCA_002078015.1"
"3264253","40","GCA_002078605.1"
"5538942","58.5","GCA_002082525.1"
"5897311","68.5","GCA_002086165.1"
"5456846","67.5","GCA_002086345.1"
"6009989","68.5","GCA_002086775.1"
"4216685","53","GCA_002087085.1"
"6103707",NA,"GCA_002087235.1"
"4821592","58.5","GCA_002087335.1"
"3775089",NA,"GCA_002088935.1"
"3444025","60","GCA_002088945.1"
"4335829","62","GCA_002088975.1"
"5145744","67.5","GCA_002091475.1"
"6364335","60","GCA_002091595.1"
"4239526","57","GCA_002095355.1"
"4613848","57.5","GCA_002095375.1"
"4467638","58","GCA_002095455.1"
"5751456","54","GCA_002095465.1"
"4653282","56.5","GCA_002095485.1"
"4351649",NA,"GCA_002096055.1"
"5606671","67","GCA_002101735.1"
"1937768",NA,"GCA_002104335.1"
"4035170","42","GCA_002104455.1"
"4511656",NA,"GCA_002104475.1"
"3849879",NA,"GCA_002104535.1"
"5470456","69","GCA_002105195.1"
"2639953","50.5","GCA_002108505.1"
"3781823","55","GCA_002111585.1"
"3882080","55","GCA_002111595.1"
"4610381","59","GCA_002115725.1"
"4313167","60","GCA_002115805.1"
"2835711",NA,"GCA_002117085.1"
"3393335",NA,"GCA_002117125.1"
"3929792",NA,"GCA_002117165.1"
"2002780","34","GCA_002119425.1"
"2363414",NA,"GCA_002119805.1"
"4377332","33","GCA_002128405.1"
"4770625",NA,"GCA_002128425.1"
"3843501","65","GCA_002148795.1"
"4308482","39","GCA_002150035.1"
"5883179","40.5","GCA_002150685.1"
"3584631",NA,"GCA_002155145.1"
"2996446","65","GCA_002155305.1"
"3372281","66","GCA_002155425.1"
"4555038",NA,"GCA_002156385.1"
"4426802","33","GCA_002156865.1"
"4247794","48.5","GCA_002165625.1"
"3032503","53.5","GCA_002167005.1"
"3809180","38.5","GCA_002174535.1"
"4285575","62.5","GCA_002179555.1"
"2885890","35.5","GCA_002179915.1"
"2008240","45.5","GCA_002192535.1"
"3584790","65","GCA_002197665.1"
"12363577","64","GCA_002197845.1"
"4512819","41","GCA_002200835.1"
"4017054","38.5","GCA_002200845.1"
"3999909","34.5","GCA_002200855.1"
"4047197","35","GCA_002200865.1"
"4564150","37.5","GCA_002200915.1"
"2673863","31","GCA_002201235.1"
"3785182","30","GCA_002201315.1"
"4775573",NA,"GCA_002201795.1"
"6502356","68.5","GCA_002205125.1"
"5519783","66.5","GCA_002205615.1"
"4258005",NA,"GCA_002205675.1"
"6057990","68.5","GCA_002205845.1"
"1975812","45","GCA_002206625.1"
"2135084","46","GCA_002206635.1"
"3064849",NA,"GCA_002207765.1"
"4387599","39.5","GCA_002207865.1"
"6444435","65","GCA_002209555.1"
"5798956",NA,"GCA_002211445.1"
"5534556","65","GCA_002213415.1"
"2633330","33","GCA_002216005.1"
"4071214",NA,"GCA_002216775.1"
"5724426",NA,"GCA_002217195.1"
"5260169",NA,"GCA_002217285.1"
"5902573",NA,"GCA_002217335.1"
"5607986",NA,"GCA_002217365.1"
"2638051",NA,"GCA_002217405.1"
"5577968",NA,"GCA_002217435.1"
"2723917",NA,"GCA_002217985.1"
"6041815",NA,"GCA_002221975.1"
"5896739",NA,"GCA_002222055.1"
"1775978","44","GCA_002224225.1"
"4337422",NA,"GCA_002224365.1"
"3576146",NA,"GCA_002233755.1"
"3291143","62.5","GCA_002234375.1"
"7172832","50.5","GCA_002234615.1"
"4051699","64","GCA_002237365.1"
"3292184","61.5","GCA_002238045.1"
"1738633",NA,"GCA_002238335.1"
"3499511",NA,"GCA_002243605.1"
"5137998",NA,"GCA_002245625.1"
"3929604","66","GCA_002245655.1"
"3900789",NA,"GCA_002245695.1"
"2999180","36","GCA_002251105.1"
"3950134",NA,"GCA_002251735.1"
"3532745",NA,"GCA_002251755.1"
"3247176",NA,"GCA_002251775.1"
"3238290",NA,"GCA_002251835.1"
"4364783","51.5","GCA_002252445.1"
"4904011","53","GCA_002252475.1"
"4838271","54","GCA_002252505.1"
"5531562","54","GCA_002252525.1"
"3863184","37","GCA_002252565.1"
"1631097","54","GCA_002259595.1"
"1891581","56","GCA_002259705.1"
"2408364","52.5","GCA_002259795.1"
"2169598","41.5","GCA_002260845.1"
"4133395","54.5","GCA_002265845.1"
"3916161","38.5","GCA_002266285.1"
"2702851",NA,"GCA_002269345.1"
"4639957",NA,"GCA_002269385.1"
"4710588",NA,"GCA_002270055.1"
"8049106","62","GCA_002270415.1"
"5878941","46.5","GCA_002270465.1"
"4603334",NA,"GCA_002271215.1"
"8907716",NA,"GCA_002278075.1"
"3802234","51","GCA_002282855.1"
"4981075",NA,"GCA_002283365.1"
"3494482",NA,"GCA_002285415.1"
"4145296","64.5","GCA_002285435.1"
"3674522","68.5","GCA_002287065.1"
"3583276","42","GCA_002287075.1"
"4362047","37","GCA_002287375.1"
"4894189",NA,"GCA_002289225.1"
"4322744","61","GCA_002307495.1"
"4173851","50.5","GCA_002312815.1"
"2511904",NA,"GCA_002327085.1"
"4703180",NA,"GCA_002335735.1"
"5579901",NA,"GCA_002335815.1"
"3635691","68","GCA_002351485.1"
"5541299",NA,"GCA_002355275.1"
"6242949",NA,"GCA_002355475.1"
"7814405",NA,"GCA_002355595.1"
"2864672",NA,"GCA_002355735.1"
"5718991",NA,"GCA_002356295.1"
"1921407",NA,"GCA_002369955.1"
"3570894","65","GCA_002374275.1"
"3409966",NA,"GCA_002494375.1"
"4390369","58","GCA_002514725.1"
"3116347",NA,"GCA_002530675.1"
"6883664","61.5","GCA_002531935.1"
"4406485","59.5","GCA_002554795.1"
"5279921",NA,"GCA_002557795.1"
"3268715","71","GCA_002563925.1"
"3233920","64.5","GCA_002563955.1"
"3521501","69","GCA_002564005.1"
"7997491",NA,"GCA_002573965.1"
"2617693",NA,"GCA_002583405.1"
"4303449","49.5","GCA_002591895.1"
"3347334",NA,"GCA_002591915.1"
"3536457","48.5","GCA_002607855.1"
"4519134","62","GCA_002631205.1"
"3859546",NA,"GCA_002632755.1"
"2782711","27.5","GCA_002723485.1"
"2866788","27","GCA_002723495.1"
"3156896","56","GCA_002723975.1"
"3310272","29","GCA_002724055.1"
"5066330","65","GCA_002727065.1"
"4148618",NA,"GCA_002740695.1"
"9631051",NA,"GCA_002741015.1"
"2760011",NA,"GCA_002741995.1"
"2982417","49","GCA_002742285.1"
"4458884",NA,"GCA_002744735.1"
"4370038",NA,"GCA_002744755.1"
"5651163","35","GCA_002746455.1"
"3617632",NA,"GCA_002749895.1"
"3670870","65","GCA_002751875.1"
"6395331",NA,"GCA_002759055.1"
"4730650","62.5","GCA_002760665.1"
"5738122","69.5","GCA_002761755.1"
"1548794",NA,"GCA_002762335.1"
"3639803","45","GCA_002763455.1"
"6208009",NA,"GCA_002764115.1"
"4496514",NA,"GCA_002786295.1"
"5235224",NA,"GCA_002786325.1"
"4092893",NA,"GCA_002796795.1"
"3264462",NA,"GCA_002797355.1"
"3127022","49","GCA_002797675.1"
"3882495","69.5","GCA_002797855.1"
"3798370","56","GCA_002797915.1"
"3632746","73","GCA_002798015.1"
"2643527",NA,"GCA_002798305.1"
"3926895",NA,"GCA_002802965.1"
"4871419","66","GCA_002803515.1"
"3352175",NA,"GCA_002804065.1"
"4110204","56","GCA_002806975.1"
"2331799","37.5","GCA_002807015.1"
"3519809","34.5","GCA_002807055.1"
"5748059","54","GCA_002811195.1"
"6425783",NA,"GCA_002812705.1"
"2631485","59","GCA_002813205.1"
"4526271",NA,"GCA_002814075.1"
"8794837",NA,"GCA_002831565.1"
"4312781","37","GCA_002833365.1"
"3315810","37","GCA_002833385.1"
"3400809",NA,"GCA_002834145.1"
"3597295","42.5","GCA_002834295.1"
"5007968","46.5","GCA_002835505.1"
"5494436","37.5","GCA_002835735.1"
"4691494","34.5","GCA_002835805.1"
"4598243","71","GCA_002836395.1"
"4399136",NA,"GCA_002836945.1"
"2746292",NA,"GCA_002837275.1"
"3070213","37.5","GCA_002843425.1"
"5438289",NA,"GCA_002844375.1"
"3604547",NA,"GCA_002844395.1"
"3413539","34.5","GCA_002844555.1"
"4956718","36","GCA_002844575.1"
"4526482","65","GCA_002844595.1"
"4430618","51.5","GCA_002846395.1"
"3722747","38","GCA_002846575.1"
"3954736",NA,"GCA_002847305.1"
"4286347","56.5","GCA_002860325.1"
"4914503",NA,"GCA_002863865.1"
"6048850","49","GCA_002864045.1"
"4099907","63.5","GCA_002864685.1"
"3840802",NA,"GCA_002865585.1"
"4664827","57","GCA_002866825.1"
"4060980","58.5","GCA_002868715.1"
"4408274",NA,"GCA_002869745.1"
"3275964","60.5","GCA_002870965.1"
"5284268","68","GCA_002871005.1"
"3225512",NA,"GCA_002872475.1"
"4703554",NA,"GCA_002874535.1"
"2759678",NA,"GCA_002874775.1"
"4980457",NA,"GCA_002879615.1"
"3985154",NA,"GCA_002879635.1"
"6096209","63","GCA_002879855.1"
"3620777",NA,"GCA_002884435.1"
"5665358",NA,"GCA_002886045.1"
"5511086",NA,"GCA_002886185.1"
"4703180",NA,"GCA_002886255.1"
"4432295","66.5","GCA_002893625.1"
"4116543",NA,"GCA_002893765.1"
"2128686","34","GCA_002895565.1"
"2847002","63.5","GCA_002895945.1"
"5966702","63.5","GCA_002896965.1"
"4524446","70","GCA_002897375.1"
"3364395","65","GCA_002899695.1"
"2826736","62.5","GCA_002899715.1"
"4500921","69.5","GCA_002901445.1"
"2598081",NA,"GCA_002902085.1"
"2709801",NA,"GCA_002902105.1"
"2341022",NA,"GCA_002902145.1"
"10062489",NA,"GCA_002902925.1"
"4155021","60","GCA_002903165.1"
"6057182","60.5","GCA_002906165.1"
"5453858","38","GCA_002909235.1"
"5431642","39","GCA_002909255.1"
"3149695",NA,"GCA_002911695.1"
"4132473",NA,"GCA_002915595.1"
"3354883","60.5","GCA_002916695.1"
"6392805",NA,"GCA_002917105.1"
"3823090","34.5","GCA_002920895.1"
"4517600","38.5","GCA_002920915.1"
"4903946",NA,"GCA_002924445.1"
"2820836",NA,"GCA_002924615.1"
"3918493",NA,"GCA_002925845.1"
"4233077","41.5","GCA_002926065.1"
"3288408","61.5","GCA_002927045.1"
"2413726","66.5","GCA_002929725.1"
"4344030","64","GCA_002930105.1"
"6214553","61","GCA_002930635.1"
"3701809","49","GCA_002933875.1"
"3611929",NA,"GCA_002934045.1"
"3276842",NA,"GCA_002934445.1"
"6714023",NA,"GCA_002934455.1"
"5092596",NA,"GCA_002937075.1"
"6392615","48","GCA_002943425.1"
"4924481","60.5","GCA_002943565.1"
"4889274",NA,"GCA_002943655.1"
"3444097",NA,"GCA_002943675.1"
"6442614",NA,"GCA_002943685.1"
"3074655","45.5","GCA_002943755.1"
"3821617",NA,"GCA_002946355.1"
"1760810",NA,"GCA_002950575.1"
"3317203",NA,"GCA_002951815.1"
"4527605",NA,"GCA_002953195.1"
"4308453",NA,"GCA_002953215.1"
"3655669","69","GCA_002954225.1"
"4314199","64.5","GCA_002954245.1"
"3052917",NA,"GCA_002954325.1"
"3552991","35","GCA_002954345.1"
"4167407",NA,"GCA_002954445.1"
"3904103",NA,"GCA_002954685.1"
"2021343","38.5","GCA_002959895.1"
"5859119",NA,"GCA_002964605.1"
"2756245","29","GCA_002964975.1"
"3182272",NA,"GCA_002966125.1"
"7183282","66","GCA_002968015.1"
"5869725","60.5","GCA_002968635.1"
"4110363","34","GCA_002973595.1"
"5243257","46.5","GCA_002976435.1"
"4694399","43","GCA_002980525.1"
"3280710",NA,"GCA_002993335.1"
"4373091",NA,"GCA_002993885.1"
"1542971","30.5","GCA_002993965.1"
"1462173","30.5","GCA_002993975.1"
"1575214","30.5","GCA_002994005.1"
"2628568","53.5","GCA_002995755.1"
"2876197","31","GCA_002995785.1"
"3125442",NA,"GCA_003001835.1"
"4326589","60","GCA_003002975.1"
"4999712",NA,"GCA_003003005.1"
"3799284","35.5","GCA_003003155.1"
"4677362",NA,"GCA_003003215.1"
"5044743","63","GCA_003003255.1"
"5190571","68.5","GCA_003004785.1"
"4276240",NA,"GCA_003006155.1"
"4125126",NA,"GCA_003007675.1"
"4494445",NA,"GCA_003008515.1"
"3901011",NA,"GCA_003008535.1"
"4154448",NA,"GCA_003008595.1"
"2964741",NA,"GCA_003008695.1"
"3623746","55","GCA_003012345.1"
"6112273","66.5","GCA_003012745.1"
"4168059","63","GCA_003012775.1"
"3618741","62.5","GCA_003012795.1"
"2507679","62.5","GCA_003012815.1"
"4780028",NA,"GCA_003012935.1"
"3358427",NA,"GCA_003013695.1"
"4732601","56","GCA_003014475.1"
"3653655",NA,"GCA_003014615.1"
"3838939","69","GCA_003014675.1"
"7326416","43","GCA_003014755.1"
"3009515",NA,"GCA_003020045.1"
"4615988","36","GCA_003020585.1"
"2954299",NA,"GCA_003024235.1"
"6495707","55","GCA_003024655.1"
"2525977","30","GCA_003024675.1"
"2793685","29","GCA_003024685.1"
"3882835","33.5","GCA_003025005.1"
"5060288","45","GCA_003025495.1"
"5876222","49.5","GCA_003025515.1"
"5967087","47.5","GCA_003025555.1"
"5533005","50.5","GCA_003025595.1"
"6446463","41.5","GCA_003025615.1"
"4067586","68","GCA_003028415.1"
"6337491",NA,"GCA_003028855.1"
"4310771",NA,"GCA_003029735.1"
"2495001",NA,"GCA_003030305.1"
"2867119",NA,"GCA_003030445.1"
"4494276","67","GCA_003034225.1"
"3663288",NA,"GCA_003034845.1"
"4881442","68","GCA_003034985.1"
"3525217",NA,"GCA_003044065.1"
"4591358",NA,"GCA_003046325.1"
"2909339",NA,"GCA_003046545.1"
"4778735","71.5","GCA_003047265.1"
"4284245","72.5","GCA_003047295.1"
"4752266","37.5","GCA_003049575.1"
"3372076",NA,"GCA_003049725.1"
"3502068","28","GCA_003049765.1"
"4997541",NA,"GCA_003049785.1"
"3873878","65.5","GCA_003050615.1"
"5315671","46","GCA_003050755.1"
"4299547",NA,"GCA_003050785.1"
"5264808","65","GCA_003051025.1"
"3961273","54.5","GCA_003052265.1"
"1935222","47","GCA_003052295.1"
"3841382",NA,"GCA_003053525.1"
"4458411","68","GCA_003053725.1"
"2636893",NA,"GCA_003054025.1"
"5231950","52.5","GCA_003054055.1"
"4845108",NA,"GCA_003054175.1"
"3718516",NA,"GCA_003054775.1"
"3464207",NA,"GCA_003055625.1"
"3758327","68.5","GCA_003056305.1"
"3980379","60.5","GCA_003056345.1"
"4488200",NA,"GCA_003056355.1"
"5971869","68","GCA_003056725.1"
"4533856","71.5","GCA_003057875.1"
"3906563","59","GCA_003057885.1"
"1774794",NA,"GCA_003057965.1"
"4668162",NA,"GCA_003058085.1"
"4095960","45.5","GCA_003058265.1"
"7745135",NA,"GCA_003058325.1"
"2972530","59","GCA_003063455.1"
"3029942","56","GCA_003063475.1"
"1995529",NA,"GCA_003065365.1"
"1851737",NA,"GCA_003065385.1"
"3860849","70.5","GCA_003067705.1"
"6146060","52","GCA_003071345.1"
"3436448","63.5","GCA_003072065.1"
"3981807",NA,"GCA_003072125.1"
"3157893",NA,"GCA_003072505.1"
"5112152",NA,"GCA_003072645.1"
"6478100","68.5","GCA_003073115.1"
"4063863",NA,"GCA_003073175.1"
"2768961",NA,"GCA_003073475.1"
"4780058","69","GCA_003074135.1"
"3936921",NA,"GCA_003075035.1"
"4564535",NA,"GCA_003075045.1"
"4631862",NA,"GCA_003075095.1"
"4766031","71","GCA_003076135.1"
"4224053",NA,"GCA_003076475.1"
"4085976","63","GCA_003076755.1"
"3983546",NA,"GCA_003096035.1"
"5695241",NA,"GCA_003096175.1"
"3199563",NA,"GCA_003096335.1"
"4884877",NA,"GCA_003096355.1"
"4203487",NA,"GCA_003096595.1"
"2936680",NA,"GCA_003096815.1"
"2089523",NA,"GCA_003096835.1"
"4985720","43","GCA_003097315.1"
"3569947","68.5","GCA_003097495.1"
"3552756",NA,"GCA_003097535.1"
"3753578","40","GCA_003097615.1"
"3240564","35.5","GCA_003097635.1"
"3966695","34.5","GCA_003097655.1"
"3766664",NA,"GCA_003097715.1"
"4282156","58.5","GCA_003112755.1"
"5236926",NA,"GCA_003115855.1"
"5483153","65.5","GCA_003116585.1"
"1734781","47.5","GCA_003116835.1"
"4487330","70.5","GCA_003121305.1"
"5377742","41","GCA_003121985.1"
"2887656","69.5","GCA_003122085.1"
"5877431",NA,"GCA_003122385.1"
"3552643","61","GCA_003123725.1"
"1966274",NA,"GCA_003124125.1"
"3026360","66","GCA_003129465.1"
"3371861",NA,"GCA_003129485.1"
"2791502","61","GCA_003129605.1"
"6314794",NA,"GCA_003130405.1"
"3553347","71","GCA_003130585.1"
"6776313",NA,"GCA_003130795.1"
"3116291",NA,"GCA_003143535.1"
"3214946",NA,"GCA_003143555.1"
"4265296","46","GCA_003144035.1"
"3889216",NA,"GCA_003144395.1"
"4011757","38","GCA_003144405.1"
"3922849","38","GCA_003144495.1"
"3441304",NA,"GCA_003148385.1"
"2793031",NA,"GCA_003148465.1"
"6014126",NA,"GCA_003148525.1"
"4689798",NA,"GCA_003148565.1"
"5933091",NA,"GCA_003148625.1"
"3155334",NA,"GCA_003148645.1"
"5129962",NA,"GCA_003148665.1"
"4039882",NA,"GCA_003148745.1"
"4337735",NA,"GCA_003148765.1"
"5939202",NA,"GCA_003148845.1"
"5761522",NA,"GCA_003149085.1"
"4884413","72.5","GCA_003149145.1"
"6603976",NA,"GCA_003149185.1"
"4842958","68","GCA_003149265.1"
"6329522",NA,"GCA_003149455.1"
"5027597",NA,"GCA_003149515.1"
"3614652",NA,"GCA_003149745.1"
"3741513","63","GCA_003151135.1"
"4510621","71.5","GCA_003160695.1"
"3850965","63.5","GCA_003171655.1"
"5259300","37","GCA_003171675.1"
"3474569","64.5","GCA_003171715.1"
"4294927",NA,"GCA_003172915.1"
"6509818","72.5","GCA_003172955.1"
"6788375",NA,"GCA_003173715.1"
"2664183",NA,"GCA_003177275.1"
"2605187",NA,"GCA_003182045.1"
"5352990",NA,"GCA_003182475.1"
"5241559",NA,"GCA_003184185.1"
"3569655","54.5","GCA_003185655.1"
"4402093","69.5","GCA_003194585.1"
"4864689",NA,"GCA_003201285.1"
"3077047",NA,"GCA_003201455.1"
"2529324",NA,"GCA_003201605.1"
"3511526",NA,"GCA_003201715.1"
"4405446",NA,"GCA_003202035.1"
"5613963","36","GCA_003202155.1"
"8097838","71","GCA_003202235.1"
"4933972","61.5","GCA_003205195.1"
"3421533",NA,"GCA_003205515.1"
"3883667",NA,"GCA_003206135.1"
"3615108",NA,"GCA_003206155.1"
"3483869","59.5","GCA_003207935.1"
"4401411",NA,"GCA_003208175.1"
"4926685",NA,"GCA_003208435.1"
"4441258",NA,"GCA_003217175.1"
"3444313",NA,"GCA_003217255.1"
"3868365",NA,"GCA_003217355.1"
"6353494",NA,"GCA_003217475.1"
"6261136",NA,"GCA_003217495.1"
"7244097","60","GCA_003217775.1"
"4047843","48.5","GCA_003226345.1"
"4518559","74.5","GCA_003226595.1"
"7264993","62.5","GCA_003231275.1"
"6316263",NA,"GCA_003233655.1"
"4231275","65.5","GCA_003234965.1"
"6540512","59.5","GCA_003240585.1"
"6497946",NA,"GCA_003253475.1"
"4899789",NA,"GCA_003253485.1"
"3088900",NA,"GCA_003253545.1"
"7282662",NA,"GCA_003253565.1"
"4974508",NA,"GCA_003253705.1"
"4545653",NA,"GCA_003253995.1"
"3845825",NA,"GCA_003254015.1"
"5189966",NA,"GCA_003254055.1"
"3268305",NA,"GCA_003254115.1"
"3866915",NA,"GCA_003254175.1"
"4159922",NA,"GCA_003254185.1"
"2705257",NA,"GCA_003254255.1"
"4924362",NA,"GCA_003254335.1"
"3982198","41","GCA_003254445.1"
"4024128","70","GCA_003254475.1"
"3841079","70.5","GCA_003254505.1"
"5069654","34","GCA_003254545.1"
"3348077","68.5","GCA_003254645.1"
"3878658","68","GCA_003254705.1"
"4129331","33.5","GCA_003258355.1"
"6041327","65.5","GCA_003258365.1"
"4755891","63","GCA_003258515.1"
"5379839",NA,"GCA_003258705.1"
"5370996",NA,"GCA_003258855.1"
"5823079","72.5","GCA_003258945.1"
"3635025","64.5","GCA_003259195.1"
"4454616","44.5","GCA_003259225.1"
"5193588",NA,"GCA_003259375.1"
"4976181",NA,"GCA_003259505.1"
"2958257",NA,"GCA_003259525.1"
"2821499",NA,"GCA_003259835.1"
"3556270",NA,"GCA_003259935.1"
"3271822",NA,"GCA_003259955.1"
"4625266","72","GCA_003260015.1"
"5008384",NA,"GCA_003260125.1"
"3517112","36","GCA_003260205.1"
"3819295","64","GCA_003260265.1"
"6252144",NA,"GCA_003260975.1"
"1833375",NA,"GCA_003261235.1"
"10581732",NA,"GCA_003265345.1"
"7185643",NA,"GCA_003265665.1"
"6872821",NA,"GCA_003265685.1"
"6172437","53","GCA_003268025.1"
"3728451",NA,"GCA_003268595.1"
"2736439",NA,"GCA_003268855.1"
"3772469",NA,"GCA_003269425.1"
"4405793","63.5","GCA_003284725.1"
"3773432","45.5","GCA_003284895.1"
"10232629",NA,"GCA_003285015.1"
"4807988",NA,"GCA_003285105.1"
"6542746","43.5","GCA_003286915.1"
"3752735","67","GCA_003287395.1"
"7338563","63.5","GCA_003289945.1"
"5607742",NA,"GCA_003290025.1"
"626273",NA,"GCA_003290265.1"
"1563545",NA,"GCA_003293675.1"
"2592821",NA,"GCA_003293695.1"
"2737708",NA,"GCA_003293845.1"
"3872454","70","GCA_003298775.1"
"1914502","34.5","GCA_003307275.1"
"3406946",NA,"GCA_003311635.1"
"3652041","34","GCA_003312425.1"
"4069681","60","GCA_003313245.1"
"6419149","31","GCA_003313305.1"
"4252742",NA,"GCA_003313335.1"
"5054063",NA,"GCA_003313385.1"
"4649592",NA,"GCA_003314995.1"
"6882391",NA,"GCA_003315095.1"
"7930206",NA,"GCA_003315205.1"
"4440696",NA,"GCA_003315245.1"
"6696979",NA,"GCA_003315595.1"
"2877851",NA,"GCA_003315775.1"
"3515059","62.5","GCA_003316635.1"
"2426792","27","GCA_003316695.1"
"5137271","41","GCA_003316845.1"
"2800863","49.5","GCA_003316875.1"
"3098941",NA,"GCA_003317055.1"
"4789803","55.5","GCA_003324485.1"
"3881846","43","GCA_003324525.1"
"3432872",NA,"GCA_003325455.1"
"4807151",NA,"GCA_003325475.1"
"4801308",NA,"GCA_003325495.1"
"3055675",NA,"GCA_003327285.1"
"4048519","73.5","GCA_003327535.1"
"6003377","62","GCA_003332305.1"
"3036388","67","GCA_003332855.1"
"4308247","49","GCA_003336225.1"
"2163786",NA,"GCA_003336745.1"
"3029972",NA,"GCA_003336755.1"
"3072778","53.5","GCA_003336805.1"
"4692539","68","GCA_003336875.1"
"3093613",NA,"GCA_003337425.1"
"3763507",NA,"GCA_003337485.1"
"4668516",NA,"GCA_003337495.1"
"8162227",NA,"GCA_003337555.1"
"4521451",NA,"GCA_003337715.1"
"7211915",NA,"GCA_003339505.1"
"2723407",NA,"GCA_003339525.1"
"5448160","37.5","GCA_003339865.1"
"2676898","61","GCA_003340475.1"
"4729406","69.5","GCA_003340555.1"
"4115681","73","GCA_003344635.1"
"4233556","65.5","GCA_003344765.1"
"4785947","65.5","GCA_003344785.1"
"2970356",NA,"GCA_003344925.1"
"3059321",NA,"GCA_003345255.1"
"3642894","68.5","GCA_003345355.1"
"3272393","64.5","GCA_003345525.1"
"4185419","56.5","GCA_003345655.1"
"2812536",NA,"GCA_003346755.1"
"3037595",NA,"GCA_003346775.1"
"3142517","36","GCA_003346865.1"
"6345032","43","GCA_003347495.1"
"3480246","65.5","GCA_003350345.1"
"5975233",NA,"GCA_003350475.1"
"3865655",NA,"GCA_003350505.1"
"6173500","67","GCA_003351345.1"
"4037611",NA,"GCA_003352165.1"
"3285756","69","GCA_003352835.1"
"3293993",NA,"GCA_003353425.1"
"3720646",NA,"GCA_003355475.1"
"3271767",NA,"GCA_003355495.1"
"1915613",NA,"GCA_003355515.1"
"3102160","37.5","GCA_003362725.1"
"4528037","45.5","GCA_003362805.1"
"4940170",NA,"GCA_003363155.1"
"4538842",NA,"GCA_003363265.1"
"3815928","33","GCA_003363435.1"
"4462136","57","GCA_003363485.1"
"7369954",NA,"GCA_003367175.1"
"3219819","57.5","GCA_003367235.1"
"3686911",NA,"GCA_003367315.1"
"3848892","50.5","GCA_003367475.1"
"2652760",NA,"GCA_003367905.1"
"8324638",NA,"GCA_003368325.1"
"2111834","59.5","GCA_003368535.1"
"4038636","40.5","GCA_003382275.1"
"3953742","67.5","GCA_003382285.1"
"6949675","43","GCA_003383615.1"
"4796535","38.5","GCA_003384725.1"
"5124726",NA,"GCA_003385115.1"
"4319169","33.5","GCA_003385415.1"
"3156146",NA,"GCA_003385555.1"
"2947125",NA,"GCA_003385775.1"
"3752699",NA,"GCA_003385845.1"
"4903770",NA,"GCA_003385895.1"
"5383361",NA,"GCA_003385925.1"
"6342800",NA,"GCA_003386205.1"
"6788771",NA,"GCA_003386535.1"
"5383410",NA,"GCA_003387125.1"
"5656781",NA,"GCA_003387155.1"
"3292724",NA,"GCA_003387225.1"
"3802488",NA,"GCA_003387355.1"
"3743511","69.5","GCA_003387575.1"
"3423857",NA,"GCA_003387615.1"
"5923881",NA,"GCA_003387655.1"
"5788211","49","GCA_003388735.1"
"3240150","62.5","GCA_003390885.1"
"6700907","63.5","GCA_003390925.1"
"3367145","64.5","GCA_003391115.1"
"1514270","42.5","GCA_003397585.1"
"1661998","41.5","GCA_003397685.1"
"1622089","42","GCA_003397705.1"
"3400641",NA,"GCA_003399445.1"
"5089065","63.5","GCA_003402235.1"
"2621983","57","GCA_003402575.1"
"3262821","41.5","GCA_003402615.1"
"3423338",NA,"GCA_003402975.1"
"3506010","65.5","GCA_003410055.1"
"5834569","47","GCA_003412455.1"
"8355436","44.5","GCA_003412465.1"
"3303244","36","GCA_003413745.1"
"4900405","62.5","GCA_003415675.1"
"2107986","65.5","GCA_003416765.1"
"2764764",NA,"GCA_003416885.1"
"4583034","70","GCA_003417535.1"
"6447692","60","GCA_003417575.1"
"6968691",NA,"GCA_003425685.1"
"3292626","35","GCA_003426025.1"
"4167048","35.5","GCA_003426055.1"
"3121304","71","GCA_003426855.1"
"3236274","38.5","GCA_003428165.1"
"3022621","62.5","GCA_003428235.1"
"2892378","63","GCA_003428485.1"
"3272802","47","GCA_003428865.1"
"7245958",NA,"GCA_003429005.1"
"4356520","40.5","GCA_003429095.1"
"4469041","42.5","GCA_003429105.1"
"7471434",NA,"GCA_003429565.1"
"4123210",NA,"GCA_003431825.1"
"3929745",NA,"GCA_003431885.1"
"4615028","44","GCA_003432065.1"
"8098302",NA,"GCA_003443895.1"
"4610061","63","GCA_003443995.1"
"3320111","53","GCA_003444655.1"
"3476662","41","GCA_003449035.1"
"4307356","61.5","GCA_003457605.1"
"6518718","70","GCA_003515065.1"
"3541169",NA,"GCA_003515075.1"
"4787403","44","GCA_003515685.1"
"4778684","37.5","GCA_003515705.1"
"3448205",NA,"GCA_003534205.1"
"1969846",NA,"GCA_003544835.1"
"2917098",NA,"GCA_003544855.1"
"4910231",NA,"GCA_003544875.1"
"4207384","62.5","GCA_003545825.1"
"4837465","42.5","GCA_003545885.1"
"4444566","45.5","GCA_003545925.1"
"2572159",NA,"GCA_003546865.1"
"8443189",NA,"GCA_003555545.1"
"6129793",NA,"GCA_003568665.1"
"3078689",NA,"GCA_003568865.1"
"6202555",NA,"GCA_003569045.1"
"3545733",NA,"GCA_003569805.1"
"4242481","43","GCA_003570705.1"
"4661677",NA,"GCA_003570715.1"
"4681076",NA,"GCA_003572205.1"
"3684677","61","GCA_003574035.1"
"2921326","63.5","GCA_003574045.1"
"2874609","65","GCA_003574085.1"
"2444445",NA,"GCA_003574425.1"
"2871084",NA,"GCA_003574485.1"
"5014206","57","GCA_003574655.1"
"4445201",NA,"GCA_003575965.1"
"3416165","70.5","GCA_003575975.1"
"3203764",NA,"GCA_003576245.1"
"3327924",NA,"GCA_003576345.1"
"6145806",NA,"GCA_003576475.1"
"5430123",NA,"GCA_003576535.1"
"3700607",NA,"GCA_003577475.1"
"6500878",NA,"GCA_003579925.1"
"3702495","61.5","GCA_003581385.1"
"3721101",NA,"GCA_003581615.1"
"3653105","65.5","GCA_003581645.1"
"7799645",NA,"GCA_003583365.1"
"2373152","62","GCA_003583725.1"
"6118890","52.5","GCA_003583765.1"
"5099443","61.5","GCA_003583925.1"
"4090174","70","GCA_003583935.1"
"4701328",NA,"GCA_003583985.1"
"4101660",NA,"GCA_003584105.1"
"1937632",NA,"GCA_003584685.1"
"6061597",NA,"GCA_003584745.1"
"3989683","60","GCA_003586265.1"
"4029279",NA,"GCA_003586285.1"
"3120411",NA,"GCA_003586305.1"
"2810441",NA,"GCA_003589745.1"
"5043023","63","GCA_003591655.1"
"3747355","67.5","GCA_003594815.1"
"8989662",NA,"GCA_003594875.1"
"4045354",NA,"GCA_003594885.1"
"2524489","62","GCA_003595215.1"
"2067971",NA,"GCA_003595525.1"
"2819963",NA,"GCA_003600355.1"
"4711041","67","GCA_003602235.1"
"4203325","46.5","GCA_003605125.1"
"3188505","63.5","GCA_003605195.1"
"2552891","63","GCA_003605475.1"
"1283624",NA,"GCA_003606285.1"
"3025012",NA,"GCA_003606385.1"
"3932770","41.5","GCA_003609575.1"
"2725161",NA,"GCA_003609995.1"
"6733110",NA,"GCA_003610355.1"
"3544285","70.5","GCA_003610395.1"
"2869467",NA,"GCA_003610735.1"
"4385465",NA,"GCA_003611035.1"
"5611962",NA,"GCA_003614185.1"
"4736655","50","GCA_003614885.1"
"5397042","37","GCA_003615245.1"
"8283483",NA,"GCA_003626695.1"
"2786235",NA,"GCA_003626915.1"
"3677803",NA,"GCA_003627055.1"
"3097107",NA,"GCA_003627075.1"
"2758410",NA,"GCA_003627095.1"
"6719458","40.5","GCA_003627955.1"
"6104960",NA,"GCA_003628145.1"
"6268162","51.5","GCA_003628305.1"
"4081470","36.5","GCA_003628505.1"
"6092728","49.5","GCA_003628535.1"
"2969292",NA,"GCA_003628755.1"
"6660733","42.5","GCA_003633615.1"
"1879126",NA,"GCA_003633725.1"
"3510707","64","GCA_003633775.1"
"4653377",NA,"GCA_003633845.1"
"2357783",NA,"GCA_003634275.1"
"3411820","38.5","GCA_003634345.1"
"4036723","70","GCA_003634555.1"
"4187555",NA,"GCA_003634695.1"
"3718295","64","GCA_003634925.1"
"4074717","65.5","GCA_003640395.1"
"4053554","66.5","GCA_003651245.1"
"3994557",NA,"GCA_003660165.1"
"3608511","66.5","GCA_003660445.1"
"4752232","72.5","GCA_003660455.1"
"3721860",NA,"GCA_003663835.1"
"3949755","57.5","GCA_003663885.1"
"1753429","46","GCA_003664005.1"
"6037645",NA,"GCA_003664035.1"
"3376020","31.5","GCA_003664185.1"
"4504665","55.5","GCA_003664205.1"
"5024120","57","GCA_003664555.1"
"3801301","68.5","GCA_003664585.1"
"3987417","37.5","GCA_003665065.1"
"5511628","64.5","GCA_003666685.1"
"2919928",NA,"GCA_003667345.1"
"3046112","70.5","GCA_003667525.1"
"3060410","65.5","GCA_003667545.1"
"4485249",NA,"GCA_003668575.1"
"3672033","44.5","GCA_003668635.1"
"4108260",NA,"GCA_003674065.1"
"7329434","43","GCA_003675385.1"
"4777983",NA,"GCA_003675895.1"
"2895122",NA,"GCA_003687725.1"
"3837315","63.5","GCA_003688285.1"
"3845875",NA,"GCA_003688405.1"
"2689440",NA,"GCA_003688415.1"
"3397857","33","GCA_003688495.1"
"3649759","66.5","GCA_003688855.1"
"3651050",NA,"GCA_003688895.1"
"3398411",NA,"GCA_003691585.1"
"6563286",NA,"GCA_003696235.1"
"4357823",NA,"GCA_003696285.1"
"6061989",NA,"GCA_003696345.1"
"3835003","72.5","GCA_003702705.1"
"2589795","59.5","GCA_003703835.1"
"6928978",NA,"GCA_003703975.1"
"2976278","68.5","GCA_003704105.1"
"3432109",NA,"GCA_003710105.1"
"4060518","72","GCA_003710805.1"
"4637568","52","GCA_003710935.1"
"6330991","50.5","GCA_003710965.1"
"5116160","51","GCA_003710985.1"
"4009379",NA,"GCA_003716875.1"
"3961381","61.5","GCA_003719295.1"
"3910744","67.5","GCA_003719825.1"
"3456993","45","GCA_003721245.1"
"1995252","63","GCA_003725295.1"
"2479984","62.5","GCA_003725335.1"
"2222132",NA,"GCA_003725415.1"
"4923315",NA,"GCA_003725535.1"
"4457833",NA,"GCA_003725695.1"
"2745526","60","GCA_003725995.1"
"2894143","63","GCA_003726015.1"
"2920682","35.5","GCA_003730015.1"
"2550207","58.5","GCA_003730115.1"
"3798671","67.5","GCA_003730135.1"
"3787664",NA,"GCA_003730295.1"
"2890664","64.5","GCA_003730315.1"
"4987953",NA,"GCA_003731635.1"
"3346415",NA,"GCA_003732435.1"
"3791007","67.5","GCA_003732545.1"
"5827531","70","GCA_003751345.1"
"3423351",NA,"GCA_003751385.1"
"2608718","74.5","GCA_003751635.1"
"3892849","73.5","GCA_003751805.1"
"4039008","34.5","GCA_003752155.1"
"3235396","69","GCA_003752405.1"
"4398449",NA,"GCA_003752585.1"
"3848416","59","GCA_003762925.1"
"3262569","63","GCA_003788585.1"
"3668802","67.5","GCA_003788635.1"
"2732026",NA,"GCA_003795145.1"
"4784071",NA,"GCA_003797125.1"
"4519536","66.5","GCA_003797185.1"
"2952089","67","GCA_003797835.1"
"6609774","54","GCA_003813775.1"
"3176247","42.5","GCA_003814745.1"
"2841072",NA,"GCA_003814815.1"
"2177741","59.5","GCA_003815015.1"
"3963939","45.5","GCA_003820355.1"
"6096551",NA,"GCA_003837865.1"
"2733067",NA,"GCA_003843835.1"
"2878435","37.5","GCA_003843875.1"
"4499308",NA,"GCA_003851725.1"
"2671880","42.5","GCA_003851885.1"
"5205297","52","GCA_003854965.1"
"5134949",NA,"GCA_003855155.1"
"7652494","51.5","GCA_003858645.1"
"4736203","47.5","GCA_003858655.1"
"3377955",NA,"GCA_003860405.1"
"4397705",NA,"GCA_003860465.1"
"4403951","35.5","GCA_003863355.1"
"8108289",NA,"GCA_003863965.1"
"5771427","39.5","GCA_003865075.1"
"5195089",NA,"GCA_003865095.1"
"3368147",NA,"GCA_003865365.1"
"3511804",NA,"GCA_003867015.1"
"6521014","48","GCA_003885045.1"
"3299615","64","GCA_003932505.1"
"2640729","70.5","GCA_003934285.1"
"4306505","53","GCA_003934295.1"
"5206901","60","GCA_003944705.1"
"2965302",NA,"GCA_003945325.1"
"7261317",NA,"GCA_003945345.1"
"2520831","35.5","GCA_003946005.1"
"2536116","35","GCA_003946015.1"
"2605895","52.5","GCA_003946025.1"
"3110930","50.5","GCA_003946045.1"
"2331658","49","GCA_003946095.1"
"2290968","47.5","GCA_003946145.1"
"2864583","51","GCA_003946165.1"
"2301243","35.5","GCA_003946205.1"
"2566290","40.5","GCA_003946275.1"
"2838071","47","GCA_003946305.1"
"3007089","47.5","GCA_003946335.1"
"2718164","47.5","GCA_003946345.1"
"2698660","42.5","GCA_003946385.1"
"2718279","49","GCA_003946395.1"
"3038278","42.5","GCA_003946445.1"
"2468902","58.5","GCA_003946485.1"
"2348649","36.5","GCA_003946505.1"
"2644863","39.5","GCA_003946515.1"
"2185757","50","GCA_003946545.1"
"2632694","36.5","GCA_003946555.1"
"2707861","36.5","GCA_003946575.1"
"2237367","34.5","GCA_003946605.1"
"2272157","36","GCA_003946625.1"
"2430829","40","GCA_003946695.1"
"2825702","40","GCA_003946725.1"
"4313802",NA,"GCA_003946885.1"
"4935907",NA,"GCA_003946915.1"
"2622292","40.5","GCA_003950295.1"
"2096134","35","GCA_003950325.1"
"6765052","67.5","GCA_003951285.1"
"3877377",NA,"GCA_003952345.1"
"4356607",NA,"GCA_003952725.1"
"7355585","65.5","GCA_003953935.1"
"4124452","48.5","GCA_003957515.1"
"2863004","66.5","GCA_003958625.1"
"3106580","64","GCA_003958635.1"
"6192739","54","GCA_003958645.1"
"6300928","67.5","GCA_003965815.1"
"5951384",NA,"GCA_003966125.1"
"4346674","35","GCA_003966145.1"
"4352895","67.5","GCA_003966155.1"
"5676915","46","GCA_003966225.1"
"4608128","38","GCA_003966255.1"
"5392127",NA,"GCA_003966265.1"
"2921399",NA,"GCA_003966655.1"
"4781198",NA,"GCA_003966895.1"
"2795004",NA,"GCA_003966915.1"
"2874969",NA,"GCA_003967035.1"
"2720636",NA,"GCA_003967275.1"
"4451605","45","GCA_003970385.1"
"6519694","65","GCA_003970915.1"
"3213590","68.5","GCA_003970925.1"
"5069854",NA,"GCA_003971235.1"
"1533947","63.5","GCA_003973725.1"
"4218720",NA,"GCA_003977615.1"
"5488740",NA,"GCA_003977665.1"
"6611877",NA,"GCA_003985135.1"
"2854851","52","GCA_003986955.1"
"3099062","51.5","GCA_003986975.1"
"2529473","48.5","GCA_003987015.1"
"2869890","48","GCA_003987025.1"
"2411077","47","GCA_003987045.1"
"2484512","53","GCA_003987105.1"
"2650619","47","GCA_003987135.1"
"2712360","47","GCA_003987255.1"
"2622760","50.5","GCA_003987265.1"
"3016204","50","GCA_003987335.1"
"2640771","49","GCA_003987355.1"
"2799086","50","GCA_003987395.1"
"2573352","48","GCA_003987405.1"
"2195789","49.5","GCA_003987435.1"
"2426240","49.5","GCA_003987475.1"
"4547591",NA,"GCA_003989135.1"
"3907727",NA,"GCA_003989795.1"
"3840681","69","GCA_003990035.1"
"4839526",NA,"GCA_003990445.1"
"4712046","39","GCA_003990915.1"
"4525614",NA,"GCA_003991195.1"
"6708514",NA,"GCA_003991355.1"
"4976422",NA,"GCA_003991565.1"
"3337477",NA,"GCA_003991975.1"
"3774563",NA,"GCA_003992615.1"
"4105996",NA,"GCA_003992625.1"
"3842394",NA,"GCA_003992665.1"
"3418902",NA,"GCA_003992675.1"
"3886079","62.5","GCA_003992725.1"
"4516483",NA,"GCA_003993795.1"
"3809665",NA,"GCA_003994295.1"
"4401636","48","GCA_003994465.1"
"6069163",NA,"GCA_003994475.1"
"9397553","70","GCA_003999195.1"
"2469486",NA,"GCA_003999375.1"
"4058417","62","GCA_004000235.1"
"4635959",NA,"GCA_004000255.1"
"4712158",NA,"GCA_004000275.1"
"4930555","51.5","GCA_004000745.1"
"7567576","53.5","GCA_004000865.1"
"5598676","58","GCA_004000905.1"
"5701636","63.5","GCA_004001085.1"
"3246214",NA,"GCA_004001245.1"
"2537035",NA,"GCA_004001325.1"
"3244470","62","GCA_004004515.1"
"3760480","69","GCA_004004565.1"
"5801713","37.5","GCA_004005475.1"
"3843870","63","GCA_004005485.1"
"5329124","63.5","GCA_004005565.1"
"5323771","59","GCA_004005845.1"
"4883533","64.5","GCA_004005865.1"
"4088502","61.5","GCA_004005905.1"
"2691519","36","GCA_004005965.1"
"2215780",NA,"GCA_004009905.1"
"2355647","52.5","GCA_004010095.1"
"6846699",NA,"GCA_004010795.1"
"2615293","27.5","GCA_004011155.1"
"7085614",NA,"GCA_004011805.1"
"3321975",NA,"GCA_004014875.1"
"4929098","70","GCA_004016505.1"
"5310361","70.5","GCA_004016515.1"
"4331586","34","GCA_004016525.1"
"4429369",NA,"GCA_004022225.1"
"3548703",NA,"GCA_004022565.1"
"3918627","63.5","GCA_004023665.1"
"2472972",NA,"GCA_004025325.1"
"5052099","39","GCA_004025525.1"
"4110170","37","GCA_004028155.1"
"5222315",NA,"GCA_004053875.1"
"5418978","45","GCA_004054195.1"
"3988549",NA,"GCA_004102025.1"
"4044838","38","GCA_004102745.1"
"4621517",NA,"GCA_004103825.1"
"3941878","40","GCA_004104045.1"
"5923999","46.5","GCA_004104355.1"
"8175609",NA,"GCA_004114425.1"
"3781274","37.5","GCA_004115085.1"
"6139630","60","GCA_004115155.1"
"1973791","27.5","GCA_004115735.1"
"2430870","51","GCA_004115745.1"
"4632641","37.5","GCA_004115975.1"
"4909004","37","GCA_004116265.1"
"2975533","30","GCA_004116345.1"
"2973749","26.5","GCA_004116555.1"
"2004889","29.5","GCA_004116585.1"
"4286362",NA,"GCA_004116955.1"
"2266449",NA,"GCA_004117075.1"
"1500957","33","GCA_004117915.1"
"3545609","43.5","GCA_004118155.1"
"5067509","40.5","GCA_004118265.1"
"6004915","45.5","GCA_004118675.1"
"5371326","48.5","GCA_004120195.1"
"6492157","66.5","GCA_004121055.1"
"4148102","36.5","GCA_004122035.1"
"3068982","62","GCA_004122115.1"
"3374625","34.5","GCA_004122145.1"
"2663846","34.5","GCA_004122165.1"
"5116187","60.5","GCA_004123295.1"
"3007896","67.5","GCA_004126535.1"
"3856763",NA,"GCA_004134805.1"
"3599312","71.5","GCA_004135055.1"
"3859980",NA,"GCA_004135385.1"
"3683091",NA,"GCA_004135405.1"
"3607011","68","GCA_004135605.1"
"3007728","66.5","GCA_004135625.1"
"2748041","61","GCA_004135645.1"
"3298588",NA,"GCA_004135935.1"
"2495002",NA,"GCA_004136195.1"
"3037640","71.5","GCA_004136635.1"
"5801291",NA,"GCA_004137085.1"
"4494174","72","GCA_004137235.1"
"4476421","72","GCA_004137255.1"
"4604445","70.5","GCA_004137345.1"
"5916175","70.5","GCA_004137685.1"
"3059311","29.5","GCA_004138215.1"
"9374132",NA,"GCA_004138485.1"
"3570183","42","GCA_004143605.1"
"3146740",NA,"GCA_004145795.1"
"4382818","64","GCA_004152865.1"
"4148464",NA,"GCA_004153445.1"
"4524755","58","GCA_004153455.1"
"3550960","73","GCA_004153545.1"
"3367176","56.5","GCA_004153685.1"
"3392929",NA,"GCA_004168015.1"
"6650851","38.5","GCA_004168285.1"
"7333645",NA,"GCA_004193205.1"
"3478815",NA,"GCA_004208635.1"
"7504949",NA,"GCA_004209755.1"
"1915080",NA,"GCA_004214815.1"
"2371417","47.5","GCA_004214835.1"
"3965098","72.5","GCA_004216535.1"
"6220214","67.5","GCA_004216695.1"
"5044389","41","GCA_004216715.1"
"3982678",NA,"GCA_004216755.1"
"3880543",NA,"GCA_004216895.1"
"4315149",NA,"GCA_004216915.1"
"4916170",NA,"GCA_004217095.1"
"4003489",NA,"GCA_004217115.1"
"3682372",NA,"GCA_004217445.1"
"3666811","68","GCA_004217495.1"
"7445115","57","GCA_004217555.1"
"4200830",NA,"GCA_004284785.1"
"7771874",NA,"GCA_004291315.1"
"3533643",NA,"GCA_004291335.1"
"2829883",NA,"GCA_004293625.1"
"4718011",NA,"GCA_004295345.1"
"1680829",NA,"GCA_004295525.1"
"3566560",NA,"GCA_004296335.1"
"4834900","64.5","GCA_004296575.1"
"3980161",NA,"GCA_004300825.1"
"2250808","69.5","GCA_004307015.1"
"2495574",NA,"GCA_004307425.1"
"3091612",NA,"GCA_004307455.1"
"9419252","51","GCA_004307995.1"
"3994908","42.5","GCA_004309355.1"
"3807999","35","GCA_004310325.1"
"3183584","65.5","GCA_004310345.1"
"6186183","39","GCA_004310665.1"
"3172742","67","GCA_004310685.1"
"4224523","64","GCA_004322705.1"
"7437157",NA,"GCA_004322755.1"
"4836481",NA,"GCA_004323635.1"
"3074508","71","GCA_004324755.1"
"5020870","69","GCA_004328075.1"
"4474039","41.5","GCA_004329705.1"
"2894048","38.5","GCA_004329815.1"
"3539672",NA,"GCA_004331955.1"
"1959824",NA,"GCA_004332295.1"
"4597015","65.5","GCA_004335005.1"
"3407407","44.5","GCA_004335015.1"
"1657111","41.5","GCA_004336685.1"
"8185998","65","GCA_004336905.1"
"3958893",NA,"GCA_004337505.1"
"4491576",NA,"GCA_004339015.1"
"2906047",NA,"GCA_004339245.1"
"1621410",NA,"GCA_004339575.1"
"3665949","67.5","GCA_004339675.1"
"3081443","36.5","GCA_004339765.1"
"5193952",NA,"GCA_004340665.1"
"4230836",NA,"GCA_004341165.1"
"2900938",NA,"GCA_004341205.1"
"4735576",NA,"GCA_004341235.1"
"4397582",NA,"GCA_004341245.1"
"3033445","59.5","GCA_004341725.1"
"6590828",NA,"GCA_004341885.1"
"7793256",NA,"GCA_004341915.1"
"3892807",NA,"GCA_004342005.1"
"3576798","38.5","GCA_004342685.1"
"4176633","66.5","GCA_004342915.1"
"3948575",NA,"GCA_004343075.1"
"3452107","67.5","GCA_004343305.1"
"3155944",NA,"GCA_004343505.1"
"4617194","42.5","GCA_004345255.1"
"3732710","57","GCA_004345265.1"
"3865388","32.5","GCA_004345705.1"
"3712900",NA,"GCA_004345825.1"
"3017800",NA,"GCA_004345905.1"
"2680758","65.5","GCA_004346085.1"
"3080497",NA,"GCA_004346095.1"
"4252511","50","GCA_004346135.1"
"3861719","46.5","GCA_004346685.1"
"4232765","56.5","GCA_004346865.1"
"3679791","63","GCA_004347715.1"
"5591199","70","GCA_004348265.1"
"7991366","73","GCA_004348415.1"
"5828278",NA,"GCA_004348825.1"
"7925083","42","GCA_004349265.1"
"3735422","34.5","GCA_004349315.1"
"4657187","33","GCA_004349355.1"
"2965592","70","GCA_004352825.1"
"3762212","42.5","GCA_004352835.1"
"3039636","69.5","GCA_004352845.1"
"3753874","45.5","GCA_004352855.1"
"5339675","71.5","GCA_004353825.1"
"9169988",NA,"GCA_004353915.1"
"4193411",NA,"GCA_004354085.1"
"1781187",NA,"GCA_004354615.1"
"1900313","38.5","GCA_004354755.1"
"3772164","62.5","GCA_004354915.1"
"3666937","68","GCA_004357995.1"
"4747674","60","GCA_004358025.1"
"4338560",NA,"GCA_004358035.1"
"4430078",NA,"GCA_004358105.1"
"3569262","68.5","GCA_004358165.1"
"4663068","66","GCA_004358185.1"
"3020651",NA,"GCA_004358325.1"
"4222191",NA,"GCA_004358445.1"
"4226543",NA,"GCA_004358675.1"
"3139453",NA,"GCA_004359195.1"
"1616430",NA,"GCA_004359375.1"
"2939468","70.5","GCA_004359965.1"
"3133413",NA,"GCA_004360145.1"
"3221864","68","GCA_004361065.1"
"3981765","63","GCA_004361835.1"
"2594163",NA,"GCA_004361875.1"
"5288263","41.5","GCA_004362245.1"
"4358700",NA,"GCA_004362405.1"
"6368575",NA,"GCA_004362525.1"
"3211787",NA,"GCA_004362665.1"
"5251143",NA,"GCA_004362715.1"
"4991892","71.5","GCA_004362745.1"
"3337963",NA,"GCA_004362865.1"
"3467317",NA,"GCA_004363175.1"
"4189767",NA,"GCA_004363235.1"
"2790625",NA,"GCA_004363315.1"
"3343788",NA,"GCA_004363335.1"
"4021263",NA,"GCA_004363555.1"
"5952688",NA,"GCA_004363665.1"
"2744241",NA,"GCA_004363695.1"
"4036026",NA,"GCA_004363805.1"
"3103119",NA,"GCA_004364155.1"
"3709865","73","GCA_004364555.1"
"2948026",NA,"GCA_004364585.1"
"3318232",NA,"GCA_004364635.1"
"5171867",NA,"GCA_004365535.1"
"3958645",NA,"GCA_004365595.1"
"3680113","58","GCA_004365635.1"
"6497175","56","GCA_004366355.1"
"4801783",NA,"GCA_004366575.1"
"2946319",NA,"GCA_004366795.1"
"3347494",NA,"GCA_004366815.1"
"3972524",NA,"GCA_004367585.1"
"4707503",NA,"GCA_004368925.1"
"4436185","48.5","GCA_004369205.1"
"3946752","49","GCA_004369225.1"
"3995080",NA,"GCA_004375095.1"
"3943817","64","GCA_004382795.1"
"6046726",NA,"GCA_004402005.1"
"3753316","64.5","GCA_004402405.1"
"3841120","65","GCA_004402515.1"
"2413712","66.5","GCA_004402605.1"
"4101684","64.5","GCA_004402625.1"
"3424270",NA,"GCA_004405125.1"
"5887622",NA,"GCA_004421005.1"
"4377803","74.5","GCA_004519295.1"
"6422970",NA,"GCA_004519315.1"
"5266113","72","GCA_004519545.1"
"5218531","65","GCA_004521985.1"
"3331229","69.5","GCA_004522155.1"
"10394431",NA,"GCA_004524855.1"
"3712913",NA,"GCA_004526345.1"
"5483755","45","GCA_004551525.1"
"2518419",NA,"GCA_004563965.1"
"2919864",NA,"GCA_004564075.1"
"5049922","50","GCA_004564235.1"
"4487171","68.5","GCA_004564275.1"
"3232836","68.5","GCA_004564325.1"
"3897716","43","GCA_004565465.1"
"3928637","40.5","GCA_004571135.1"
"2945587","35","GCA_004634185.1"
"3905537","64","GCA_004634215.1"
"5107880","35.5","GCA_004634245.1"
"3257822",NA,"GCA_004681125.1"
"4590519","69.5","GCA_004681965.1"
"4468638","69","GCA_004681975.1"
"3739998",NA,"GCA_004684905.1"
"2870222","52","GCA_004745505.1"
"2601643","37","GCA_004745525.1"
"4040697","63","GCA_004745575.1"
"2712718",NA,"GCA_004745855.1"
"4431246",NA,"GCA_004761865.1"
"3941562","62","GCA_004761875.1"
"5625081","43.5","GCA_004764665.1"
"5511749","62","GCA_004765605.1"
"6122266",NA,"GCA_004766045.1"
"4335798",NA,"GCA_004768465.1"
"3558816",NA,"GCA_004777465.1"
"3715590","30.5","GCA_004785645.1"
"4790329",NA,"GCA_004792415.1"
"3050377","65","GCA_004793635.1"
"2477061",NA,"GCA_004795735.1"
"3071096","68","GCA_004796535.1"
"3598362","66","GCA_004798955.1"
"3483742","67.5","GCA_004798975.1"
"3758696","66","GCA_004799285.1"
"4723750","67.5","GCA_004801295.1"
"4602265","68.5","GCA_004801305.1"
"4500593","55","GCA_004801395.1"
"6170633","60","GCA_004801935.1"
"4665855",NA,"GCA_004803405.1"
"4403848","60","GCA_004803465.1"
"4076386","61.5","GCA_004803475.1"
"3176728","67","GCA_004803505.1"
"4173824","57","GCA_004803635.1"
"2097887",NA,"GCA_004803815.1"
"4258501",NA,"GCA_004851605.1"
"4131215","75.5","GCA_004886325.1"
"4385529","60.5","GCA_004912165.1"
"4075875",NA,"GCA_004912195.1"
"3747248","42.5","GCA_004916895.1"
"4688351","36","GCA_004916905.1"
"4394381","59","GCA_004920405.1"
"7691652","57","GCA_004936695.1"
"3673499","65","GCA_004959925.1"
"3972354",NA,"GCA_004959935.1"
"3433901","64","GCA_004965515.1"
"4544824",NA,"GCA_005047655.1"
"3958688","67","GCA_005048265.1"
"5780041",NA,"GCA_005049105.1"
"7354671",NA,"GCA_005144885.1"
"2880809",NA,"GCA_005144965.1"
"8075071","38","GCA_005217565.1"
"4608128","38","GCA_005280205.1"
"8332369","40","GCA_005280585.1"
"6064527",NA,"GCA_005281475.1"
"5488745","64.5","GCA_005281615.1"
"4843278","71.5","GCA_005298075.1"
"7396566","53","GCA_005402645.1"
"3023058",NA,"GCA_005404815.1"
"2017363","40","GCA_005405205.1"
"1814102","38","GCA_005405225.1"
"1993687","41.5","GCA_005405245.1"
"2271847","39.5","GCA_005405265.1"
"3289607","43","GCA_005405385.1"
"1994557","38.5","GCA_005405445.1"
"4746262",NA,"GCA_005405485.1"
"3258548",NA,"GCA_005434915.1"
"4319764",NA,"GCA_005434965.1"
"3097651","60.5","GCA_005434975.1"
"3570835","54.5","GCA_005518135.1"
"3168918",NA,"GCA_005518185.1"
"6446208",NA,"GCA_005670675.1"
"5182800",NA,"GCA_005671395.1"
"7182231","59","GCA_005765165.1"
"4852500",NA,"GCA_005771405.1"
"4667156","58","GCA_005771435.1"
"4158743","42","GCA_005780245.1"
"2157340","27","GCA_005818875.1"
"1897659","27","GCA_005818985.1"
"1685887",NA,"GCA_005843985.1"
"1398704",NA,"GCA_005845365.1"
"6408711",NA,"GCA_005860805.1"
"6734981","60","GCA_005863185.1"
"8152858",NA,"GCA_005864065.1"
"3606883","41","GCA_005869845.1"
"4201341","52","GCA_005869875.1"
"4381979","37.5","GCA_005870085.1"
"3488419",NA,"GCA_005871185.1"
"4755882","65.5","GCA_005876855.1"
"3673501","61","GCA_005876985.1"
"6372092",NA,"GCA_005877885.1"
"2669685","61.5","GCA_005884405.1"
"3722219","38.5","GCA_005885605.1"
"3946185","64.5","GCA_005887615.1"
"5639658","67","GCA_005893145.1"
"7041010",NA,"GCA_005930355.1"
"5503262","56.5","GCA_005938105.1"
"3702288",NA,"GCA_005938195.1"
"8791003",NA,"GCA_005938385.1"
"3969381",NA,"GCA_006007885.1"
"3144584",NA,"GCA_006148925.1"
"3643229",NA,"GCA_006148955.1"
"6477094",NA,"GCA_006149045.1"
"4353683",NA,"GCA_006159205.1"
"1588860","28.5","GCA_006176165.1"
"4526273",NA,"GCA_006246305.1"
"3314558",NA,"GCA_006265115.1"
"4483902",NA,"GCA_006335005.1"
"2987884",NA,"GCA_006337085.1"
"3005997",NA,"GCA_006337105.1"
"4658177","74","GCA_006346315.1"
"3402690","73.5","GCA_006351005.1"
"4125062","41.5","GCA_006352475.1"
"4760804","57","GCA_006376685.1"
"4189011",NA,"GCA_006385135.1"
"4544055",NA,"GCA_006386485.1"
"6173731","68.5","GCA_006386545.1"
"4139778",NA,"GCA_006439335.1"
"4843317","61","GCA_006443685.1"
"3016922",NA,"GCA_006459125.1"
"3219428",NA,"GCA_006475605.1"
"4763565","54.5","GCA_006494355.1"
"4699058","57","GCA_006494375.1"
"4660432","58","GCA_006494415.1"
"6220618",NA,"GCA_006494775.1"
"2369572",NA,"GCA_006503695.1"
"3366908",NA,"GCA_006517395.1"
"6257981","66.5","GCA_006519715.1"
"3762373","60.5","GCA_006538165.1"
"4348706","43","GCA_006538525.1"
"4434207","44","GCA_006538565.1"
"4182207","34","GCA_006539745.1"
"5619468",NA,"GCA_006542275.1"
"1945529",NA,"GCA_006542375.1"
"3301347",NA,"GCA_006542665.1"
"8511810",NA,"GCA_006542765.1"
"3491084","69.5","GCA_006546775.1"
"869512","29.5","GCA_006546935.1"
"5207802",NA,"GCA_006704205.1"
"4579077","74.5","GCA_006715055.1"
"3533116","67","GCA_006715095.1"
"3645552","72.5","GCA_006716095.1"
"4270697","72.5","GCA_006716205.1"
"4970507","69.5","GCA_006716315.1"
"5655817","43.5","GCA_006716645.1"
"5266538","71","GCA_006716675.1"
"2984076","62.5","GCA_006716695.1"
"4935250","69","GCA_006717075.1"
"5390744","71","GCA_006717145.1"
"5832650",NA,"GCA_006738645.1"
"5834761",NA,"GCA_006739055.1"
"2494738",NA,"GCA_006739385.1"
"2142024","33","GCA_006861675.1"
"4488252",NA,"GCA_006861795.1"
"5509884","45.5","GCA_006874425.1"
"2696018",NA,"GCA_006965445.1"
"4130958",NA,"GCA_006974145.1"
"4020978","61.5","GCA_007004065.1"
"2986343","57","GCA_007004095.1"
"3287567",NA,"GCA_007004625.1"
"3390631",NA,"GCA_007004645.1"
"3633206","67.5","GCA_007050995.1"
"6973860","32","GCA_007097495.1"
"4680836","67.5","GCA_007109405.1"
"2407548",NA,"GCA_007164725.1"
"3547563",NA,"GCA_007197885.1"
"4407270","40.5","GCA_007279655.1"
"4007733","61.5","GCA_007280555.1"
"7181066","42","GCA_007341375.1"
"7176701","42","GCA_007341395.1"
"3611169","35","GCA_007474545.1"
"3009526","69","GCA_007556755.1"
"4271694",NA,"GCA_007558725.1"
"5335442","43","GCA_007558865.1"
"2529719","65.5","GCA_007559235.1"
"3795762","57.5","GCA_007559285.1"
"4912773",NA,"GCA_007567505.1"
"4357025","54.5","GCA_007671675.1"
"5475215",NA,"GCA_007743815.1"
"6357355",NA,"GCA_007744255.1"
"7769723",NA,"GCA_007744675.1"
"6761146",NA,"GCA_007745175.1"
"5163473",NA,"GCA_007745435.1"
"7929454",NA,"GCA_007746795.1"
"7744989",NA,"GCA_007747795.1"
"6608792",NA,"GCA_007748035.1"
"6496182",NA,"GCA_007748115.1"
"7828706",NA,"GCA_007748155.1"
"7397129",NA,"GCA_007748195.1"
"6125480",NA,"GCA_007750395.1"
"6618662",NA,"GCA_007750855.1"
"9565229",NA,"GCA_007751035.1"
"7250512",NA,"GCA_007751715.1"
"8439957",NA,"GCA_007752135.1"
"9395224",NA,"GCA_007752535.1"
"7182433",NA,"GCA_007752935.1"
"5871207",NA,"GCA_007753265.1"
"7704373",NA,"GCA_007754425.1"
"2925294","48","GCA_007827295.1"
"3777782",NA,"GCA_007827555.1"
"3330439","68","GCA_007828155.1"
"2953873","71","GCA_007828725.1"
"3827835","66.5","GCA_007829035.1"
"7540224","70.5","GCA_007829885.1"
"3552091",NA,"GCA_007830035.1"
"4946636",NA,"GCA_007830055.1"
"3359359",NA,"GCA_007830115.1"
"4976003","54","GCA_007830155.1"
"3571384",NA,"GCA_007830185.1"
"5634660",NA,"GCA_007830235.1"
"4479233","63","GCA_007830315.1"
"3509691",NA,"GCA_007830355.1"
"2718361","32.5","GCA_007830415.1"
"6294929",NA,"GCA_007830445.1"
"6000972","66.5","GCA_007830455.1"
"6878621",NA,"GCA_007830495.1"
"3097646",NA,"GCA_007830535.1"
"2772337",NA,"GCA_007830595.1"
"9226856",NA,"GCA_007830635.1"
"5910442","67.5","GCA_007833165.1"
"4144705",NA,"GCA_007844305.1"
"2506265","30.5","GCA_007845635.1"
"6374365","60","GCA_007858165.1"
"3989751","63.5","GCA_007859075.1"
"3910508","69.5","GCA_007859325.1"
"6704479",NA,"GCA_007859715.1"
"6196617",NA,"GCA_007859755.1"
"4325069",NA,"GCA_007859815.1"
"6796955",NA,"GCA_007859855.1"
"6945823",NA,"GCA_007859865.1"
"8502319",NA,"GCA_007859915.1"
"6262701","66.5","GCA_007859935.1"
"5067846",NA,"GCA_007859945.1"
"5265585",NA,"GCA_007859955.1"
"6143780",NA,"GCA_007860015.1"
"9586696",NA,"GCA_007860045.1"
"7403604",NA,"GCA_007860095.1"
"7177699",NA,"GCA_007860105.1"
"7988747",NA,"GCA_007860125.1"
"9199719",NA,"GCA_007860135.1"
"7852560",NA,"GCA_007860175.1"
"7267653",NA,"GCA_007860185.1"
"4880907",NA,"GCA_007923445.1"
"5528026",NA,"GCA_007971225.1"
"5773153",NA,"GCA_007971385.1"
"2588643","43","GCA_007988845.1"
"1991267","39.5","GCA_007988865.1"
"3264943","37.5","GCA_007988965.1"
"2793792","46.5","GCA_007988985.1"
"3940326","34","GCA_007989005.1"
"1858186","43.5","GCA_007989025.1"
"2031309","39","GCA_007989045.1"
"3365641","57.5","GCA_007989365.1"
"2942256","37.5","GCA_007989445.1"
"4443613","73","GCA_007989805.1"
"2653662","38.5","GCA_007990285.1"
"3110583","39","GCA_007990305.1"
"2290729",NA,"GCA_007990505.1"
"2604381",NA,"GCA_007990525.1"
"6106829","56.5","GCA_007990775.1"
"3040347","31.5","GCA_007990835.1"
"3723227","61","GCA_007990975.1"
"2326724","37.5","GCA_007991295.1"
"2617530","42.5","GCA_007991315.1"
"3748958","43.5","GCA_007991335.1"
"2834641","38","GCA_007991355.1"
"4241307","60.5","GCA_007991375.1"
"2570246","36.5","GCA_007991535.1"
"6680402","44.5","GCA_007991635.1"
"5893322","40","GCA_007991655.1"
"7363484","61.5","GCA_007991675.1"
"4420518","72","GCA_007991735.1"
"4064307","74.5","GCA_007991755.1"
"2870988","35","GCA_007991895.1"
"2895933","36","GCA_007991935.1"
"2909553","51.5","GCA_007991975.1"
"2694508","53.5","GCA_007991995.1"
"2455734","52","GCA_007992015.1"
"2161613","35","GCA_007992035.1"
"3832132","67","GCA_007992075.1"
"3090412","71","GCA_007992115.1"
"4636856","67.5","GCA_007992175.1"
"6288989","70","GCA_007992195.1"
"4778267","66","GCA_007992215.1"
"1789305","36.5","GCA_007992295.1"
"3735412","64.5","GCA_007992355.1"
"4211052","71","GCA_007992395.1"
"4495067","70.5","GCA_007992415.1"
"7648353","60","GCA_007992435.1"
"2987352","71","GCA_007992455.1"
"4008106","41","GCA_007992475.1"
"9846332","65.5","GCA_007992495.1"
"4231055","73","GCA_007992535.1"
"2918678","31","GCA_007993035.1"
"2842109",NA,"GCA_007993825.1"
"4884777","34","GCA_007994985.1"
"2923708","40","GCA_007995015.1"
"2587073","64.5","GCA_007995095.1"
"3095207",NA,"GCA_007996985.1"
"3788131","38","GCA_007997285.1"
"3727884","35","GCA_007997295.1"
"3707663",NA,"GCA_007997385.1"
"2829476",NA,"GCA_008000835.1"
"3886744",NA,"GCA_008001235.1"
"3327116","65","GCA_008014345.1"
"2585079","44","GCA_008016795.1"
"3545086","70","GCA_008017415.1"
"2991178","71","GCA_008017435.1"
"4099596",NA,"GCA_008017875.1"
"9894293",NA,"GCA_008035925.1"
"2942562","45.5","GCA_008041945.1"
"4845847","62","GCA_008064665.1"
"5072752",NA,"GCA_008085455.1"
"3285275","35","GCA_008086175.1"
"3386983","35","GCA_008086185.1"
"3364265","34","GCA_008086205.1"
"4706213","37.5","GCA_008087205.1"
"6570840",NA,"GCA_008087665.1"
"8262020",NA,"GCA_008124765.1"
"2861751","42.5","GCA_008124865.1"
"3211939",NA,"GCA_008124875.1"
"4391315",NA,"GCA_008124885.1"
"4903367",NA,"GCA_008271285.1"
"3616516","67.5","GCA_008271465.1"
"5323680",NA,"GCA_008271745.1"
"3526415",NA,"GCA_008274805.1"
"4655154","62.5","GCA_008298015.1"
"4536877",NA,"GCA_008304605.1"
"2161166",NA,"GCA_008327825.1"
"3700583",NA,"GCA_008329945.1"
"2542980","32.5","GCA_008362905.1"
"6755201",NA,"GCA_008364795.1"
"2793747","51","GCA_008368715.1"
"3936980",NA,"GCA_008369445.1"
"10914015",NA,"GCA_008369935.1"
"2995498","55.5","GCA_008579105.1"
"3561992",NA,"GCA_008630635.1"
"4301207","66","GCA_008632335.1"
"4554005",NA,"GCA_008632455.1"
"7109637",NA,"GCA_008635805.1"
"4212028",NA,"GCA_008638305.1"
"4370183","58.5","GCA_008638345.1"
"5485063",NA,"GCA_008690275.1"
"4219193",NA,"GCA_008710035.1"
"5092581","63","GCA_008710155.1"
"5153215","63.5","GCA_008710165.1"
"5176871","63.5","GCA_008710205.1"
"3178485","71","GCA_008710705.1"
"4194287","41","GCA_008711145.1"
"4993424","57","GCA_008711325.1"
"6024790",NA,"GCA_008727715.1"
"2494216",NA,"GCA_008728435.1"
"4428884",NA,"GCA_008728635.1"
"5156427","63.5","GCA_008801645.1"
"6423673","66.5","GCA_008801675.1"
"5170436","53.5","GCA_008801705.1"
"3986919","62.5","GCA_008801725.1"
"1953172","27.5","GCA_008802155.1"
"4779519","68.5","GCA_008802405.1"
"3122189","40.5","GCA_008806325.1"
"5875670",NA,"GCA_008806345.1"
"3916794",NA,"GCA_008806755.1"
"3413843","32.5","GCA_008806775.1"
"3365778","58","GCA_008830225.1"
"4804398","43","GCA_008830385.1"
"2462117","60.5","GCA_008831035.1"
"3256946","69.5","GCA_008831085.1"
"2059739",NA,"GCA_008831125.1"
"3957722",NA,"GCA_008831135.1"
"3238579","62","GCA_008831155.1"
"3428361",NA,"GCA_008831305.1"
"5869433",NA,"GCA_008843145.1"
"1109596",NA,"GCA_008931845.1"
"5203002","56","GCA_008932295.1"
"3213381","46.5","GCA_008933115.1"
"3291524","36","GCA_009017255.1"
"3061315","34","GCA_009017275.1"
"2876974",NA,"GCA_009078285.1"
"4892941","64.5","GCA_009176975.1"
"3929195","42.5","GCA_009183655.1"
"4058537",NA,"GCA_009184425.1"
"6724076","54","GCA_009184635.1"
"3701047","62","GCA_009184905.1"
"4435539","70","GCA_009192725.1"
"3440128","73","GCA_009193135.1"
"4424698","74","GCA_009193175.1"
"4638305","74","GCA_009193185.1"
"3979886","26","GCA_009295725.1"
"4545324","74","GCA_009299305.1"
"2421262","59","GCA_009299485.1"
"6787844","69.5","GCA_009299835.1"
"3885608","74","GCA_009362295.1"
"2871082",NA,"GCA_009363055.1"
"4501013",NA,"GCA_009363415.1"
"3370632","38","GCA_009466385.1"
"3383878","45","GCA_009495405.1"
"4266306",NA,"GCA_009497155.1"
"5399732","68.5","GCA_009600605.1"
"3904919",NA,"GCA_009602465.1"
"3324162","73","GCA_009602535.1"
"5189911","44.5","GCA_009617915.1"
"4798990",NA,"GCA_009646115.1"
"4605942","63.5","GCA_009646335.1"
"4326512","36.5","GCA_009659515.1"
"3899096","34.5","GCA_009674685.1"
"4105380","41.5","GCA_009674805.1"
"5019622","33.5","GCA_009674815.1"
"3340670",NA,"GCA_009676955.1"
"4556772","70","GCA_009687825.1"
"7324708",NA,"GCA_009688945.1"
"7297718",NA,"GCA_009688965.1"
"8413530",NA,"GCA_009688985.1"
"2420487","36","GCA_009695635.1"
"2019788","46.5","GCA_009695865.1"
"2054617","50","GCA_009695905.1"
"2438520","51.5","GCA_009695915.1"
"3095654","35","GCA_009696045.1"
"3206647","31.5","GCA_009696465.1"
"2597142","47.5","GCA_009696485.1"
"2593566","53.5","GCA_009696615.1"
"2640693","52.5","GCA_009697385.1"
"6051944","71.5","GCA_009707545.1"
"7899446","68","GCA_009707865.1"
"4067303","46.5","GCA_009711125.1"
"3906278",NA,"GCA_009711185.1"
"5370867","63.5","GCA_009711205.1"
"4560478","61.5","GCA_009711225.1"
"7174826",NA,"GCA_009711405.1"
"4841513",NA,"GCA_009711465.1"
"4858936",NA,"GCA_009711525.1"
"6042215","62","GCA_009720745.1"
"5141672",NA,"GCA_009720775.1"
"6994525","63.5","GCA_009720825.1"
"6364785",NA,"GCA_009720835.1"
"7031378","61","GCA_009720865.1"
"4690315","37","GCA_009724685.1"
"5136021","38","GCA_009725985.1"
"5153020",NA,"GCA_009725995.1"
"6952347","65.5","GCA_009727155.1"
"4158303","36","GCA_009728145.1"
"4720650",NA,"GCA_009733535.1"
"4758154","70.5","GCA_009733845.1"
"3486489","42","GCA_009735585.1"
"3896955","37.5","GCA_009741375.1"
"4806568","64.5","GCA_009742725.1"
"4362458","70.5","GCA_009749365.1"
"4360803","71","GCA_009749385.1"
"3708632","71","GCA_009749465.1"
"3831002",NA,"GCA_009755805.1"
"6899075","65","GCA_009755815.1"
"8647010",NA,"GCA_009757995.1"
"8109716","43","GCA_009758125.1"
"3934770",NA,"GCA_009762325.1"
"4750222",NA,"GCA_009763805.1"
"3699578","35.5","GCA_009764355.1"
"4094655","67","GCA_009789535.1"
"6922031",NA,"GCA_009789595.1"
"5055185","36","GCA_009795715.1"
"3616418","47.5","GCA_009800925.1"
"3008274","65","GCA_009806145.1"
"4705407","33.5","GCA_009807485.1"
"4835723",NA,"GCA_009811315.1"
"3969871",NA,"GCA_009821115.1"
"6349068","63","GCA_009827055.1"
"3031738","64","GCA_009827295.1"
"3879280",NA,"GCA_009827305.1"
"2941591","65.5","GCA_009827335.1"
"2983943",NA,"GCA_009827395.1"
"2241463","62.5","GCA_009827405.1"
"2662510",NA,"GCA_009827445.1"
"2750510","66.5","GCA_009827495.1"
"3001465","68","GCA_009827515.1"
"2888119",NA,"GCA_009827545.1"
"2808696","63.5","GCA_009827575.1"
"3474520",NA,"GCA_009827595.1"
"2934197",NA,"GCA_009827615.1"
"4149941","60","GCA_009827995.1"
"3240350",NA,"GCA_009828055.1"
"2887613",NA,"GCA_009828095.1"
"3158912","61.5","GCA_009828115.1"
"4642138",NA,"GCA_009828585.1"
"2143704",NA,"GCA_009828705.1"
"3987824","35.5","GCA_009829085.1"
"4705417",NA,"GCA_009830375.1"
"4018808",NA,"GCA_009834025.1"
"3388134","66.5","GCA_009835145.1"
"4001992","43.5","GCA_009856445.1"
"4502301",NA,"GCA_009856625.1"
"5722793","64","GCA_009857475.1"
"6651328","65.5","GCA_009857595.1"
"5095510",NA,"GCA_009857835.1"
"5307629","60.5","GCA_009857915.1"
"3695644","70.5","GCA_009858245.1"
"5873400",NA,"GCA_009906855.1"
"3095392",NA,"GCA_009910365.1"
"3319072","64","GCA_009910475.1"
"6530165","48","GCA_009910675.1"
"5053196","65","GCA_009910705.1"
"4373098","33","GCA_009910845.1"
"4352178",NA,"GCA_009913235.1"
"3352609",NA,"GCA_009930795.1"
"5969036","62.5","GCA_009932335.1"
"5731217","62.5","GCA_009932375.1"
"2044999",NA,"GCA_009936215.1"
"4515697",NA,"GCA_009939005.1"
"4567822","34","GCA_010078385.1"
"4344619",NA,"GCA_010092985.1"
"3428061","70.5","GCA_010093235.1"
"4036284","64.5","GCA_010093305.1"
"3937172","65","GCA_010093345.1"
"3965100","67.5","GCA_010093385.1"
"4075313","67.5","GCA_010093445.1"
"6743310",NA,"GCA_010119935.1"
"8983451",NA,"GCA_010119975.1"
"4869766","52","GCA_010191885.1"
"3031349","66","GCA_010211745.1"
"7524325",NA,"GCA_010365285.1"
"3404533","66","GCA_010435965.1"
"3742477",NA,"GCA_010450875.1"
"2569312","70.5","GCA_010499435.1"
"4861770",NA,"GCA_010500835.1"
"4071069","44.5","GCA_010500895.1"
"4068222",NA,"GCA_010500915.1"
"5754623","34","GCA_010614725.1"
"5421373","34.5","GCA_010645075.1"
"4889854","52","GCA_010649825.1"
"4858241","58","GCA_010667575.1"
"4778271",NA,"GCA_010669125.1"
"2568766",NA,"GCA_010669225.1"
"3334849",NA,"GCA_010669305.1"
"3310663","48.5","GCA_010671595.1"
"4438325","44","GCA_010692725.1"
"5701504","68","GCA_010723675.1"
"5505821",NA,"GCA_010731675.1"
"4472175",NA,"GCA_010882125.1"
"13434823",NA,"GCA_010894405.1"
"12670262",NA,"GCA_010894435.1"
"11394166",NA,"GCA_010894455.1"
"8990913","70","GCA_010894475.1"
"3208840","37.5","GCA_010975035.1"
"5963910",NA,"GCA_010977555.1"
"3324657",NA,"GCA_010993955.1"
"4313556","36.5","GCA_010994055.1"
"4505756","36.5","GCA_010994085.1"
"5154142","36.5","GCA_011008805.1"
"5118252","60.5","GCA_011045155.1"
"4287170","66","GCA_011045165.1"
"4030188",NA,"GCA_011046555.1"
"2588344",NA,"GCA_011046975.1"
"4192514","42.5","GCA_011059105.1"
"7973901","70.5","GCA_011064595.1"
"4345659","57.5","GCA_011074795.1"
"2592038",NA,"GCA_011089875.1"
"4899918",NA,"GCA_011189575.1"
"4995446",NA,"GCA_011250635.1"
"4589758",NA,"GCA_011250645.1"
"4821260","61","GCA_011317445.1"
"4798186","61","GCA_011317505.1"
"6373949",NA,"GCA_011355085.1"
"6126528",NA,"GCA_011369485.1"
"4120823",NA,"GCA_011399095.1"
"4106074","58.5","GCA_011516825.1"
"2794032","57","GCA_011516865.1"
"3084471","58","GCA_011516925.1"
"8898242",NA,"GCA_011604685.1"
"7465160","63.5","GCA_011682045.1"
"7572464",NA,"GCA_011682065.1"
"7702761",NA,"GCA_011682145.1"
"7792306","63.5","GCA_011682175.1"
"6028128","62.5","GCA_011683915.1"
"5233450",NA,"GCA_011684115.1"
"3825819","44.5","GCA_011751085.1"
"2629846","59.5","GCA_011758685.1"
"5623989","72","GCA_011758745.1"
"5069287","64","GCA_011759365.1"
"4047620",NA,"GCA_011761345.1"
"3389096","62","GCA_011762025.1"
"3735779",NA,"GCA_011762035.1"
"2862547","66.5","GCA_011762085.1"
"4020083","63","GCA_011762095.1"
"5595594","42","GCA_011799805.1"
"1769943","46","GCA_011812985.1"
"4042700",NA,"GCA_011926545.1"
"2728145",NA,"GCA_011927625.1"
"3643426",NA,"GCA_011927665.1"
"4408247",NA,"GCA_011927685.1"
"4523896",NA,"GCA_011927705.1"
"2846238","67","GCA_011927725.1"
"3801316",NA,"GCA_011927795.1"
"5103060",NA,"GCA_011927835.1"
"4221031","64.5","GCA_011927955.1"
"3956945",NA,"GCA_012037625.1"
"4858589","56","GCA_012103035.1"
"5031369","54","GCA_012103085.1"
"5548056","56.5","GCA_012103105.1"
"6086634","70.5","GCA_012163145.1"
"4690582",NA,"GCA_012273015.1"
"3550395",NA,"GCA_012295615.1"
"5678126","54","GCA_012395205.1"
"5534616","56","GCA_012395245.1"
"3324558","65","GCA_012395255.1"
"3709790",NA,"GCA_012395815.1"
"1758434","44","GCA_012396485.1"
"1962451","36.5","GCA_012396505.1"
"1750636","36.5","GCA_012396535.1"
"2467419","43","GCA_012396585.1"
"3009299","35.5","GCA_012396605.1"
"2482397","53.5","GCA_012396615.1"
"2112265","41","GCA_012843165.1"
"3333914",NA,"GCA_012848855.1"
"2250378","64.5","GCA_012911495.1"
"4245197","55.5","GCA_012911865.1"
"3182516","33.5","GCA_012931685.1"
"3962631",NA,"GCA_012932215.1"
"2461349","71","GCA_012979235.1"
"6012013","65.5","GCA_012985915.1"
"4511138","59.5","GCA_012986145.1"
"6291043","66.5","GCA_012987025.1"
"6886230","69.5","GCA_013000925.1"
"3911123","68","GCA_013004535.1"
"5625488",NA,"GCA_013009555.1"
"5295625",NA,"GCA_013036045.1"
"1923009",NA,"GCA_013177655.1"
"7545152",NA,"GCA_013179805.1"
"6085962","70.5","GCA_013184735.1"
"5941011","53.5","GCA_013185185.1"
"5298481","55.5","GCA_013185195.1"
"5126128","56","GCA_013185225.1"
"4408774",NA,"GCA_013185915.1"
"9269950","68.5","GCA_013186535.1"
"1644930",NA,"GCA_013201605.1"
"2167961",NA,"GCA_013201685.1"
"6228419","38.5","GCA_013204795.1"
"7370929",NA,"GCA_013204885.1"
"6135496","63.5","GCA_013240295.1"
"3058693",NA,"GCA_013260645.1"
"3195778",NA,"GCA_013265555.1"
"3789173",NA,"GCA_013340305.1"
"7233429","45.5","GCA_013359905.1"
"7424532","46.5","GCA_013359935.1"
"1642612",NA,"GCA_013372105.1"
"1753380",NA,"GCA_013372145.1"
"2336659",NA,"GCA_013372265.1"
"5320705","59.5","GCA_013375155.1"
"4155851",NA,"GCA_013376475.1"
"3674452",NA,"GCA_013377855.1"
"3669801",NA,"GCA_013378075.1"
"3208867",NA,"GCA_013387165.1"
"1659117",NA,"GCA_013388295.1"
"4512651",NA,"GCA_013394595.1"
"4560973",NA,"GCA_013394655.1"
"3910334",NA,"GCA_013402795.1"
"4127777","33.5","GCA_013403865.1"
"3902269","32.5","GCA_013403925.1"
"4331412","33.5","GCA_013403955.1"
"3480135","35","GCA_013403975.1"
"4008075","32.5","GCA_013403985.1"
"4598621","33","GCA_013404085.1"
"3650999","69","GCA_013407835.1"
"4110100","72.5","GCA_013408145.1"
"3165591","60","GCA_013408295.1"
"3526047","71","GCA_013408305.1"
"3809834","68.5","GCA_013408415.1"
"1636604","54","GCA_013408435.1"
"3367060","71.5","GCA_013408555.1"
"3917147","70","GCA_013408745.1"
"3386878","70.5","GCA_013408925.1"
"3104152","65.5","GCA_013409005.1"
"4029871","64.5","GCA_013409065.1"
"3307489","69.5","GCA_013409205.1"
"5298051","72.5","GCA_013409225.1"
"4257813","73","GCA_013409305.1"
"3613620","74.5","GCA_013409425.1"
"3935985","42","GCA_013409575.1"
"5673606","72","GCA_013409625.1"
"2914491","69","GCA_013409745.1"
"3849151","71","GCA_013409865.1"
"4150316","75","GCA_013409875.1"
"4179364","73","GCA_013409965.1"
"3722200","69.5","GCA_013410455.1"
"3985007","70.5","GCA_013410545.1"
"2070861","71","GCA_013410595.1"
"4569810","71.5","GCA_013410655.1"
"4213299","62.5","GCA_013416295.1"
"4162848","60","GCA_013416335.1"
"3372835","56.5","GCA_013416515.1"
"7796483","69.5","GCA_013423485.1"
"3634977",NA,"GCA_013423785.1"
"4170026",NA,"GCA_013466785.1"
"5126128","56","GCA_013618475.1"
"4287166","43","GCA_013618945.1"
"4481272",NA,"GCA_013623835.1"
"4173147","64.5","GCA_013623905.1"
"4022696",NA,"GCA_013761005.1"
"8647010",NA,"GCA_013778375.1"
"6393295",NA,"GCA_013778505.1"
"4644500",NA,"GCA_013839445.1"
"4427450",NA,"GCA_013868145.1"
"4335669",NA,"GCA_014117215.1"
"2483352","62","GCA_014118685.1"
"5043386",NA,"GCA_014126615.1"
"2241018","58.5","GCA_014137865.1"
"5589356","51.5","GCA_014138425.1"
"3804645",NA,"GCA_014138495.1"
"4433818",NA,"GCA_014138555.1"
"6774758",NA,"GCA_014138625.1"
"6776230",NA,"GCA_014138635.1"
"2552467","73","GCA_014138885.1"
"3962674","66.5","GCA_014174155.1"
"4296956","65","GCA_014174215.1"
"3783863","67","GCA_014174275.1"
"4387527","65","GCA_014174375.1"
"4324546","65","GCA_014174395.1"
"4640730",NA,"GCA_014180685.1"
"4991146","68.5","GCA_014190805.1"
"3836636","67","GCA_014191305.1"
"2616799","69","GCA_014191425.1"
"2187257","59.5","GCA_014191445.1"
"4762199","62","GCA_014191505.1"
"5346738",NA,"GCA_014191725.1"
"7162598",NA,"GCA_014191785.1"
"6247076","63.5","GCA_014191875.1"
"7550850",NA,"GCA_014192015.1"
"4801488",NA,"GCA_014192055.1"
"7894703",NA,"GCA_014192105.1"
"5513121",NA,"GCA_014192155.1"
"4168933",NA,"GCA_014192215.1"
"3598958",NA,"GCA_014192285.1"
"7302688",NA,"GCA_014192395.1"
"2470075","62.5","GCA_014192485.1"
"4593513","74.5","GCA_014195485.1"
"7991252",NA,"GCA_014195535.1"
"2557292","45.5","GCA_014195585.1"
"3342622","64","GCA_014195675.1"
"2079099",NA,"GCA_014195685.1"
"3766511",NA,"GCA_014196025.1"
"3250809",NA,"GCA_014196095.1"
"3606674","68","GCA_014196135.1"
"3230814",NA,"GCA_014196205.1"
"7192447",NA,"GCA_014196235.1"
"3872890","66.5","GCA_014196255.1"
"4091851","58.5","GCA_014196315.1"
"3360201","69","GCA_014196335.1"
"5409070","66.5","GCA_014196345.1"
"3665976",NA,"GCA_014196425.1"
"5259388","66.5","GCA_014196455.1"
"4819475",NA,"GCA_014196495.1"
"4798976","57","GCA_014196515.1"
"3410606","64.5","GCA_014196635.1"
"4412487","43.5","GCA_014196695.1"
"5444802",NA,"GCA_014196715.1"
"5889117",NA,"GCA_014196765.1"
"5044567",NA,"GCA_014196795.1"
"5002150",NA,"GCA_014196835.1"
"5041052",NA,"GCA_014196845.1"
"5382020",NA,"GCA_014196955.1"
"4793705","43","GCA_014196975.1"
"4801105","64.5","GCA_014197015.1"
"5959969",NA,"GCA_014197035.1"
"3785142","61","GCA_014197055.1"
"4043323",NA,"GCA_014197095.1"
"4773980",NA,"GCA_014197145.1"
"4780571",NA,"GCA_014197245.1"
"5088437","68","GCA_014197435.1"
"5192607",NA,"GCA_014197735.1"
"4186852",NA,"GCA_014197795.1"
"4496604",NA,"GCA_014197915.1"
"6784420",NA,"GCA_014198875.1"
"4031522","62","GCA_014199215.1"
"3800575",NA,"GCA_014199405.1"
"3605788",NA,"GCA_014199415.1"
"5200601",NA,"GCA_014199525.1"
"4192364",NA,"GCA_014199595.1"
"3134647","68","GCA_014199615.1"
"4412857",NA,"GCA_014199625.1"
"4432145",NA,"GCA_014199635.1"
"3756600","65","GCA_014199685.1"
"2413888","66.5","GCA_014200375.1"
"4531652","65","GCA_014200405.1"
"6775057","41.5","GCA_014200545.1"
"6435827",NA,"GCA_014201355.1"
"3720932","68","GCA_014201415.1"
"3386024",NA,"GCA_014201465.1"
"3373182","66.5","GCA_014201555.1"
"2727467",NA,"GCA_014201585.1"
"3714611",NA,"GCA_014201735.1"
"2849197",NA,"GCA_014201835.1"
"3829613",NA,"GCA_014201885.1"
"3323807",NA,"GCA_014201975.1"
"2869177",NA,"GCA_014202035.1"
"3872981",NA,"GCA_014202115.1"
"4260141",NA,"GCA_014202215.1"
"6917964",NA,"GCA_014202275.1"
"3285284",NA,"GCA_014202415.1"
"2792598",NA,"GCA_014202495.1"
"2996549",NA,"GCA_014202525.1"
"3417124",NA,"GCA_014202575.1"
"3276352",NA,"GCA_014202625.1"
"3761736",NA,"GCA_014202645.1"
"4826664",NA,"GCA_014202765.1"
"4067001",NA,"GCA_014202825.1"
"4182432","57.5","GCA_014202835.1"
"5343757",NA,"GCA_014202875.1"
"4405960",NA,"GCA_014202905.1"
"2894949",NA,"GCA_014202935.1"
"6784546",NA,"GCA_014202995.1"
"4851211",NA,"GCA_014203155.1"
"1745037",NA,"GCA_014203215.1"
"2553597","73.5","GCA_014204815.1"
"3037642","68.5","GCA_014205075.1"
"2275595","70.5","GCA_014205175.1"
"3394372",NA,"GCA_014205685.1"
"1352451",NA,"GCA_014205885.1"
"1156651",NA,"GCA_014205895.1"
"5429024",NA,"GCA_014206875.1"
"3393295",NA,"GCA_014206945.1"
"7212754",NA,"GCA_014207355.1"
"2210357",NA,"GCA_014207425.1"
"3777140",NA,"GCA_014207435.1"
"6541127",NA,"GCA_014207495.1"
"6860440",NA,"GCA_014207545.1"
"3510585",NA,"GCA_014207655.1"
"4469270",NA,"GCA_014212015.1"
"6918941","57","GCA_014212135.1"
"7356379",NA,"GCA_014212175.1"
"6225914",NA,"GCA_014217805.1"
"5204456","54.5","GCA_014230055.1"
"4506184","60.5","GCA_014230085.1"
"4768689","52.5","GCA_014230145.1"
"4104972","66.5","GCA_014230315.1"
"3775046","69","GCA_014230355.1"
"3449557","35","GCA_014235875.1"
"3858317","35","GCA_014243395.1"
"4120452","65.5","GCA_014243445.1"
"5564032",NA,"GCA_014269285.1"
"4137666","43.5","GCA_014270035.1"
"5132449",NA,"GCA_014280875.1"
"3784537","32.5","GCA_014284085.1"
"3784537","32.5","GCA_014297365.1"
"4609928",NA,"GCA_014332695.1"
"4857466",NA,"GCA_014334155.1"
"5821703",NA,"GCA_014349155.1"
"3759660","38","GCA_014385425.1"
"3239226",NA,"GCA_014395645.1"
"2217552",NA,"GCA_014396165.1"
"2557483",NA,"GCA_014396585.1"
"1659381",NA,"GCA_014397255.1"
"3440583","34.5","GCA_014451095.1"
"5667125",NA,"GCA_014490485.1"
"5197460",NA,"GCA_014490665.1"
"3964006",NA,"GCA_014499005.1"
"8704955","49.5","GCA_014529945.1"
"3272810",NA,"GCA_014534785.1"
"3315768",NA,"GCA_014635085.1"
"4050919",NA,"GCA_014635125.1"
"3548196",NA,"GCA_014635145.1"
"3897570",NA,"GCA_014635185.1"
"2109862","40.5","GCA_014635205.1"
"2221498","41.5","GCA_014635225.1"
"3760381","63","GCA_014635245.1"
"2731429","48.5","GCA_014635265.1"
"4424774","65.5","GCA_014635285.1"
"6396426",NA,"GCA_014635325.1"
"4420556","43.5","GCA_014635525.1"
"5949745",NA,"GCA_014635605.1"
"3312467","62.5","GCA_014635625.1"
"2090914","46","GCA_014635685.1"
"4857968","43","GCA_014635825.1"
"3051701","33.5","GCA_014635865.1"
"2308498","38.5","GCA_014635905.1"
"2686367","37.5","GCA_014635985.1"
"4283950","48.5","GCA_014636195.1"
"3564869",NA,"GCA_014636255.1"
"3904075",NA,"GCA_014636275.1"
"6702573","63","GCA_014636375.1"
"3008832","65","GCA_014636415.1"
"3914697","41","GCA_014636475.1"
"3309481",NA,"GCA_014636495.1"
"2935909",NA,"GCA_014636635.1"
"5925444",NA,"GCA_014636865.1"
"2641972","39","GCA_014636995.1"
"4095457",NA,"GCA_014637085.1"
"4853181","66","GCA_014637495.1"
"4588841",NA,"GCA_014638845.1"
"5502902",NA,"GCA_014639155.1"
"6853520",NA,"GCA_014639235.1"
"3862407","69.5","GCA_014639315.1"
"3336228",NA,"GCA_014639655.1"
"6819047",NA,"GCA_014640075.1"
"3272090","62","GCA_014640095.1"
"4327381",NA,"GCA_014640135.1"
"2966703","37.5","GCA_014640155.1"
"2867267",NA,"GCA_014640175.1"
"3113709",NA,"GCA_014640195.1"
"4088613","64.5","GCA_014640255.1"
"5039836",NA,"GCA_014640315.1"
"4535631","57","GCA_014640335.1"
"5114915","60.5","GCA_014640355.1"
"4775043",NA,"GCA_014640435.1"
"3682982","60","GCA_014640455.1"
"3967453","72.5","GCA_014640475.1"
"4381184",NA,"GCA_014640495.1"
"4345923","71","GCA_014640535.1"
"8254172",NA,"GCA_014640555.1"
"3257057","69.5","GCA_014640595.1"
"4720532","67.5","GCA_014640635.1"
"4753946",NA,"GCA_014640655.1"
"8277452",NA,"GCA_014640695.1"
"3704792","56","GCA_014640815.1"
"3322506","64","GCA_014640905.1"
"3120106",NA,"GCA_014640975.1"
"8292223","49.5","GCA_014641075.1"
"4167679","60","GCA_014641295.1"
"4743467","62.5","GCA_014641415.1"
"5631281",NA,"GCA_014641455.1"
"3054001",NA,"GCA_014641475.1"
"3638774",NA,"GCA_014641495.1"
"6437844",NA,"GCA_014641515.1"
"3731657",NA,"GCA_014641535.1"
"6502925",NA,"GCA_014641555.1"
"5447526",NA,"GCA_014641575.1"
"7900408",NA,"GCA_014641595.1"
"7435441",NA,"GCA_014641615.1"
"3144529",NA,"GCA_014641635.1"
"2634902",NA,"GCA_014641655.1"
"4490380",NA,"GCA_014641675.1"
"4516511",NA,"GCA_014641695.1"
"4161929",NA,"GCA_014641715.1"
"3855782","68.5","GCA_014641735.1"
"4961496",NA,"GCA_014641855.1"
"4734355",NA,"GCA_014641945.1"
"5796438","48","GCA_014642075.1"
"3773827","44.5","GCA_014642175.1"
"2872468",NA,"GCA_014642275.1"
"4144902",NA,"GCA_014642405.1"
"3228892","63","GCA_014642495.1"
"4116752","62.5","GCA_014642595.1"
"5332506",NA,"GCA_014642635.1"
"4254632","41.5","GCA_014642655.1"
"3083458","67","GCA_014642675.1"
"5098991",NA,"GCA_014642695.1"
"6032727",NA,"GCA_014642715.1"
"3989655","65.5","GCA_014642735.1"
"5422200",NA,"GCA_014642755.1"
"3759264",NA,"GCA_014642775.1"
"3350000",NA,"GCA_014642795.1"
"4816564","59.5","GCA_014642815.1"
"4196269","58.5","GCA_014642855.1"
"3179719","36","GCA_014642915.1"
"4175720","64.5","GCA_014643055.1"
"3541256","58.5","GCA_014643175.1"
"2941041","65.5","GCA_014643415.1"
"4568667","39.5","GCA_014643435.1"
"3317434","65.5","GCA_014643455.1"
"2151584",NA,"GCA_014643475.1"
"5209679",NA,"GCA_014643495.1"
"3803795","67","GCA_014643515.1"
"7372983","67","GCA_014643535.1"
"4996662","48.5","GCA_014643555.1"
"3264667",NA,"GCA_014643575.1"
"3216924","37","GCA_014643595.1"
"3474875",NA,"GCA_014643615.1"
"4443326","64.5","GCA_014643635.1"
"5832183",NA,"GCA_014643675.1"
"3387489",NA,"GCA_014643695.1"
"3963762",NA,"GCA_014643715.1"
"4190336","56.5","GCA_014643735.1"
"4042346","57.5","GCA_014643755.1"
"3000820","69","GCA_014643775.1"
"6646938",NA,"GCA_014643835.1"
"3433422","60","GCA_014644035.1"
"6335967",NA,"GCA_014644155.1"
"6279333",NA,"GCA_014644195.1"
"4586288","56.5","GCA_014644275.1"
"6747492","37.5","GCA_014644295.1"
"2775751","65","GCA_014644315.1"
"4430553",NA,"GCA_014644335.1"
"3468018","58","GCA_014644355.1"
"5415784",NA,"GCA_014644395.1"
"3657555",NA,"GCA_014644415.1"
"7671668","50","GCA_014644435.1"
"4797000",NA,"GCA_014644455.1"
"6402673","68.5","GCA_014644535.1"
"4901004","61.5","GCA_014644575.1"
"3189640",NA,"GCA_014644735.1"
"2554973",NA,"GCA_014644875.1"
"3846156",NA,"GCA_014644955.1"
"3023542",NA,"GCA_014645015.1"
"5870819",NA,"GCA_014645055.1"
"4174507","70.5","GCA_014645075.1"
"4656061",NA,"GCA_014645095.1"
"3296647",NA,"GCA_014645115.1"
"4078483",NA,"GCA_014645135.1"
"4458884",NA,"GCA_014645175.1"
"4961652",NA,"GCA_014645195.1"
"2830661","74","GCA_014645235.1"
"4719870",NA,"GCA_014645255.1"
"3939491",NA,"GCA_014645295.1"
"3690346",NA,"GCA_014645315.1"
"4557337",NA,"GCA_014645335.1"
"4540125","50","GCA_014645355.1"
"5546883",NA,"GCA_014645375.1"
"3980093","63","GCA_014645395.1"
"3168824",NA,"GCA_014645495.1"
"5443335","38","GCA_014645515.1"
"4588753","60","GCA_014645535.1"
"4562683",NA,"GCA_014645555.1"
"5692767",NA,"GCA_014645615.1"
"4230378",NA,"GCA_014645635.1"
"3722120","70","GCA_014645655.1"
"3038707","69.5","GCA_014645675.1"
"5122378","70.5","GCA_014645695.1"
"5324485",NA,"GCA_014645715.1"
"3251823","73.5","GCA_014646175.1"
"5091082","67","GCA_014646195.1"
"4937361",NA,"GCA_014646215.1"
"3542453",NA,"GCA_014646375.1"
"2265170",NA,"GCA_014646495.1"
"3243940","44","GCA_014646615.1"
"3640324",NA,"GCA_014646635.1"
"3762238",NA,"GCA_014646655.1"
"3593658",NA,"GCA_014646675.1"
"5686891",NA,"GCA_014646895.1"
"4671747",NA,"GCA_014646975.1"
"3475761",NA,"GCA_014647035.1"
"4600673","46.5","GCA_014647135.1"
"3871950",NA,"GCA_014647195.1"
"3883996","41.5","GCA_014647215.1"
"3006349",NA,"GCA_014647255.1"
"4794125","43","GCA_014647335.1"
"2080570","67.5","GCA_014647535.1"
"3904844",NA,"GCA_014647855.1"
"9605331",NA,"GCA_014647975.1"
"4938240","42.5","GCA_014648035.1"
"6082746","63.5","GCA_014648095.1"
"2307663","27","GCA_014648215.1"
"4621349",NA,"GCA_014648295.1"
"4637519","41.5","GCA_014648315.1"
"4601512",NA,"GCA_014648335.1"
"3825459","36","GCA_014651275.1"
"4980408",NA,"GCA_014651295.1"
"6896479",NA,"GCA_014651395.1"
"7398547",NA,"GCA_014651415.1"
"5845241",NA,"GCA_014651435.1"
"5457364","44","GCA_014651455.1"
"3210943",NA,"GCA_014651475.1"
"4031349",NA,"GCA_014651515.1"
"4198878","40","GCA_014651535.1"
"4830693",NA,"GCA_014651555.1"
"4546464",NA,"GCA_014651575.1"
"4960757",NA,"GCA_014651595.1"
"6413589",NA,"GCA_014651615.1"
"4128508",NA,"GCA_014651635.1"
"3879610",NA,"GCA_014651655.1"
"5279355",NA,"GCA_014651675.1"
"5190483",NA,"GCA_014651735.1"
"3060386",NA,"GCA_014651755.1"
"3932903",NA,"GCA_014651775.1"
"3824676","60","GCA_014651795.1"
"5594594",NA,"GCA_014651835.1"
"5527949",NA,"GCA_014651855.1"
"2954603",NA,"GCA_014651915.1"
"3905718","48.5","GCA_014651955.1"
"4434971",NA,"GCA_014651975.1"
"4476218","39.5","GCA_014652135.1"
"5166352",NA,"GCA_014652195.1"
"3623543",NA,"GCA_014652215.1"
"7114383",NA,"GCA_014652235.1"
"3911139","64.5","GCA_014652315.1"
"3300252","63.5","GCA_014652335.1"
"4037198",NA,"GCA_014652355.1"
"3744405",NA,"GCA_014652375.1"
"3418988",NA,"GCA_014652475.1"
"3778500",NA,"GCA_014652555.1"
"3285341",NA,"GCA_014652615.1"
"2222058","48.5","GCA_014652675.1"
"4718555",NA,"GCA_014652735.1"
"4287386","61.5","GCA_014652875.1"
"3366654",NA,"GCA_014652895.1"
"5960362",NA,"GCA_014652915.1"
"3117387","70.5","GCA_014652935.1"
"4312932","75","GCA_014653095.1"
"4181013",NA,"GCA_014653115.1"
"3989276",NA,"GCA_014653135.1"
"4422254",NA,"GCA_014653155.1"
"4214006",NA,"GCA_014653175.1"
"3987652","36.5","GCA_014653195.1"
"3948441",NA,"GCA_014653435.1"
"4791472","63.5","GCA_014653505.1"
"4470563",NA,"GCA_014653575.1"
"9738650",NA,"GCA_014653695.1"
"1560746",NA,"GCA_014654435.1"
"5509734",NA,"GCA_014656415.1"
"4225184",NA,"GCA_014656455.1"
"5135292","40.5","GCA_014673435.1"
"4929250","41.5","GCA_014692525.1"
"4848334","71.5","GCA_014779675.1"
"3800626",NA,"GCA_014784055.1"
"4485253",NA,"GCA_014803435.1"
"7043511","63","GCA_014843825.1"
"4463747","39.5","GCA_014855495.1"
"2585463","67","GCA_014861485.1"
"5371326","48.5","GCA_014863865.1"
"4842169","60.5","GCA_014904795.1"
"2078871",NA,"GCA_014905135.1"
"4417754",NA,"GCA_014905415.1"
"2864011",NA,"GCA_014984185.1"
"4117874","74","GCA_015070375.1"
"4429322","73","GCA_015070765.1"
"4041658",NA,"GCA_015240255.1"
"3031498","68.5","GCA_015278215.1"
"5899768",NA,"GCA_015278225.1"
"3572497","69.5","GCA_015278285.1"
"4443645","70","GCA_015278355.1"
"4572963","32","GCA_015319355.1"
"4429352",NA,"GCA_015339545.1"
"4750663","70","GCA_015352445.1"
"5613803","62.5","GCA_015352955.1"
"8210474","60","GCA_015352985.1"
"4034846","67","GCA_015453285.1"
"3379576",NA,"GCA_015475875.1"
"2895551","66.5","GCA_015751895.1"
"3927079",NA,"GCA_015767265.1"
"3321381",NA,"GCA_015905325.1"
"4457478","46","GCA_016082375.1"
"3427332","43","GCA_016107525.1"
"2900373","45","GCA_016107545.1"
"3019088","46.5","GCA_016107555.1"
"3708510","68","GCA_016107685.1"
"5565798","69","GCA_016135805.1"
"5262995",NA,"GCA_016316925.1"
"3922063","39.5","GCA_016401385.1"
"3102012",NA,"GCA_016446285.1"
"3652920","62.5","GCA_016461795.1"
"4296322","75","GCA_016464425.1"
"3173732","43","GCA_016586355.1"
"4141563","59.5","GCA_016595415.1"
"4667805","53.5","GCA_016595435.1"
"5727232",NA,"GCA_016595465.1"
"7518465","53.5","GCA_016595505.1"
"4682580","61","GCA_016595525.1"
"4127484","52.5","GCA_016595555.1"
"2564181",NA,"GCA_016598775.1"
"1892283","37","GCA_016617615.1"
"2861316",NA,"GCA_016653305.1"
"5173123",NA,"GCA_016653315.1"
"3751817","65.5","GCA_016654005.1"
"5712197","69","GCA_016722765.1"
"6245577","62","GCA_016734765.1"
"4996571","34","GCA_016735115.1"
"6832235","62.5","GCA_016743775.1"
"4166940","65","GCA_016757275.1"
"4119796","31","GCA_016765695.1"
"7782254",NA,"GCA_016772475.1"
"7297467","62.5","GCA_016836705.1"
"3975213",NA,"GCA_016858125.1"
"7831098","73","GCA_016861975.1"
"4900124","73.5","GCA_016862675.1"
"4142381","75","GCA_016862735.1"
"8768202","69.5","GCA_016862895.1"
"9167700","69.5","GCA_016863295.1"
"6480927","71.5","GCA_016863675.1"
"4812204",NA,"GCA_016865235.1"
"2929991",NA,"GCA_016865385.1"
"7426695",NA,"GCA_016865425.1"
"3910756","63.5","GCA_016865585.1"
"5721853","69","GCA_016879515.1"
"4082415","64.5","GCA_016881145.1"
"3402224","48.5","GCA_016881405.1"
"3939854",NA,"GCA_016888515.1"
"1988065",NA,"GCA_016904675.1"
"4748678","60.5","GCA_016904955.1"
"4844718","64.5","GCA_016905005.1"
"3572376",NA,"GCA_016906995.1"
"4466463","73","GCA_016907435.1"
"4854892","71.5","GCA_016907475.1"
"2295579","26.5","GCA_016908145.1"
"1838519","35.5","GCA_016908275.1"
"4047112","42.5","GCA_016908295.1"
"3323537","32","GCA_016908315.1"
"2681146","38","GCA_016908355.1"
"3820199","37.5","GCA_016908375.1"
"2398524","43.5","GCA_016908415.1"
"4362587","38.5","GCA_016908515.1"
"3197036","36","GCA_016908775.1"
"3201791","40","GCA_016908855.1"
"3531559","41","GCA_016908875.1"
"6026570","38.5","GCA_016908975.1"
"3807685","38.5","GCA_016909025.1"
"3961999","37.5","GCA_016909075.1"
"4735876","42","GCA_016909185.1"
"4257173","72.5","GCA_016918095.1"
"4201268","54.5","GCA_016918545.1"
"4896277","48.5","GCA_016919005.1"
"6209985","57.5","GCA_016937515.1"
"5244990","64.5","GCA_016937655.1"
"4718979",NA,"GCA_017051705.1"
"3902944",NA,"GCA_017052355.1"
"4218242","66","GCA_017052455.1"
"3544501",NA,"GCA_017152025.1"
"2895582",NA,"GCA_017161305.1"
"2889390",NA,"GCA_017161325.1"
"5310806",NA,"GCA_017254835.1"
"4743209","64.5","GCA_017311475.1"
"4106270","66","GCA_017356265.1"
"10848561","57.5","GCA_017377855.1"
"3305448","69.5","GCA_017565705.1"
"3372066","70","GCA_017565745.1"
"2951011","68","GCA_017583045.1"
"3096257",NA,"GCA_017592395.1"
"5459576",NA,"GCA_017811155.1"
"3754826","67.5","GCA_017811175.1"
"4704309","62","GCA_017813335.1"
"4279188",NA,"GCA_017814435.1"
"3822311",NA,"GCA_017815515.1"
"4566904","40.5","GCA_017832095.1"
"3763584","71.5","GCA_017872975.1"
"5350706","63","GCA_017873095.1"
"6975613","60.5","GCA_017873175.1"
"2605467","26.5","GCA_017873235.1"
"4779348","37.5","GCA_017873565.1"
"6738848","52","GCA_017873605.1"
"2101535","40.5","GCA_017873755.1"
"3608107","43","GCA_017873765.1"
"3509220","30.5","GCA_017873955.1"
"4996620","42.5","GCA_017873965.1"
"7982955","46.5","GCA_017874035.1"
"6922863","57","GCA_017874075.1"
"3914419","41","GCA_017874135.1"
"10264536","45.5","GCA_017874215.1"
"3123376","37","GCA_017874635.1"
"11981584","71","GCA_017874715.1"
"7676680","52.5","GCA_017874735.1"
"4484642","57","GCA_017874835.1"
"4541091","38","GCA_017874935.1"
"2680100","37.5","GCA_017874975.1"
"7602107","69.5","GCA_017876095.1"
"2588343","64.5","GCA_017876695.1"
"2141351",NA,"GCA_017883985.1"
"5466592","40.5","GCA_017908035.1"
"4182369","66","GCA_017963645.1"
"1632289","40","GCA_017979375.1"
"8467988","35","GCA_018066725.1"
"4800525","63.5","GCA_018069865.1"
"4439436","69.5","GCA_018128965.1"
"3257681",NA,"GCA_018141405.1"
"5626074",NA,"GCA_018141425.1"
"5808478","41","GCA_018156225.1"
"6765010","70.5","GCA_018283645.1"
"4722432","56","GCA_018304965.1"
"5732600",NA,"GCA_018324045.1"
"8365212",NA,"GCA_018324255.1"
"2572603",NA,"GCA_018324385.1"
"4469144","61","GCA_018359985.1"
"5738131",NA,"GCA_018380615.1"
"5480425",NA,"GCA_018390555.1"
"4127406",NA,"GCA_018394335.1"
"3746798","68","GCA_018398355.1"
"5305208","56","GCA_018403665.1"
"4652266","52.5","GCA_018403685.1"
"4291680",NA,"GCA_018449405.1"
"3661677","58","GCA_018476905.1"
"4123681","44","GCA_018500185.1"
"3343139",NA,"GCA_018599245.1"
"4923091","39","GCA_018728565.1"
"6968008",NA,"GCA_018736065.1"
"2446231","57.5","GCA_018854775.1"
"5867720",NA,"GCA_018966525.1"
"2726708",NA,"GCA_018967645.1"
"4418026",NA,"GCA_019039105.1"
"5186571",NA,"GCA_019042215.1"
"4661299","72","GCA_019192965.1"
"6170040",NA,"GCA_019308285.1"
"5242266","56.5","GCA_019334315.1"
"3406525",NA,"GCA_019443285.1"
"2440903",NA,"GCA_019443985.1"
"3127021",NA,"GCA_019448335.1"
"5135470","60.5","GCA_019492335.1"
"2699453",NA,"GCA_019575955.1"
"4224244","46.5","GCA_019655175.1"
"4104688","44","GCA_019655235.1"
"1755314","44","GCA_019655995.1"
"4792255",NA,"GCA_019670105.1"
"4687452",NA,"GCA_019670125.1"
"3010713","59","GCA_019740335.1"
"3888012",NA,"GCA_019753765.1"
"6569909","65.5","GCA_019880585.1"
"4052255",NA,"GCA_019891395.1"
"4903283","55","GCA_019903445.1"
"5649492",NA,"GCA_019966495.1"
"4755878","58","GCA_019966515.1"
"4339639",NA,"GCA_019968605.1"
"3406041",NA,"GCA_019973315.1"
"2562456","44","GCA_020005165.1"
"4946504","34.5","GCA_020026925.1"
"4237400",NA,"GCA_020381325.1"
"2779441","37","GCA_020480345.1"
"4440119",NA,"GCA_020519665.1"
"6623525",NA,"GCA_020523825.1"
"4231748","49.5","GCA_020531985.1"
"3899394","29","GCA_020532745.1"
"3490337",NA,"GCA_020567375.1"
"5239599",NA,"GCA_020687805.1"
"4032098",NA,"GCA_020687825.1"
"3475765","42","GCA_020731235.1"
"3551614",NA,"GCA_020735445.1"
"6003452",NA,"GCA_020880995.1"
"3598525","58.5","GCA_020905375.1"
"4346001",NA,"GCA_020991125.1"
"6479608","47.5","GCA_021044425.1"
"4106718","71.5","GCA_021083185.1"
"4606652",NA,"GCA_021083255.1"
"5006402",NA,"GCA_021129175.1"
"4957037",NA,"GCA_021129195.1"
"4193356","44","GCA_021215455.1"
"4591594",NA,"GCA_021295345.1"
"3493790",NA,"GCA_021311115.1"
"4430016","65","GCA_021403115.1"
"4978141","52","GCA_021532315.1"
"5647115","48.5","GCA_021532375.1"
"4782877",NA,"GCA_021560015.1"
"3491608",NA,"GCA_021728535.1"
"3555487","68","GCA_021729135.1"
"5396799",NA,"GCA_021729155.1"
"4017282","64.5","GCA_021729195.1"
"3871387","69.5","GCA_021729215.1"
"2025450",NA,"GCA_022026155.1"
"4677674","68.5","GCA_022179065.1"
"4877645","70","GCA_022179085.1"
"5388584","69.5","GCA_022179125.1"
"7909330",NA,"GCA_022179185.1"
"4782631","66","GCA_022179205.1"
"5744513","70.5","GCA_022179245.1"
"4615811","67.5","GCA_022179265.1"
"6667523","71","GCA_022179285.1"
"5495114","68","GCA_022179305.1"
"6971527","71","GCA_022179325.1"
"4459488","71","GCA_022179345.1"
"4614373","66.5","GCA_022179405.1"
"6301862","70","GCA_022179505.1"
"5271491","68.5","GCA_022179525.1"
"6890653","69","GCA_022179585.1"
"2539794",NA,"GCA_022348285.1"
"4784208","44","GCA_022352285.1"
"5276805","54","GCA_022427145.1"
"9785225","45","GCA_022458865.1"
"6211544",NA,"GCA_022496575.1"
"6104124","42","GCA_022512515.1"
"4533232","38.5","GCA_022513635.1"
"2425037","69","GCA_022556335.1"
"3135432",NA,"GCA_022559625.1"
"3518211","72.5","GCA_022568795.1"
"4682225",NA,"GCA_022647325.1"
"3825884",NA,"GCA_022662575.1"
"4151858",NA,"GCA_022664435.1"
"3977879",NA,"GCA_022664465.1"
"5245083","69","GCA_022695515.1"
"4040482",NA,"GCA_022760175.1"
"4498570",NA,"GCA_022788655.1"
"3314096","38.5","GCA_022809095.1"
"2243783","68.5","GCA_022865105.1"
"2679563",NA,"GCA_022870885.1"
"2378219",NA,"GCA_022870905.1"
"2573625",NA,"GCA_022870965.1"
"6874178",NA,"GCA_022899355.1"
"6076148",NA,"GCA_022899935.1"
"3913692",NA,"GCA_023008245.1"
"3490490","61","GCA_023061135.1"
"3436593","61","GCA_023061175.1"
"3636986","61","GCA_023061285.1"
"3573522",NA,"GCA_023155715.1"
"2992323","71","GCA_023155775.1"
"6420102","50","GCA_023156195.1"
"3966729","59","GCA_023156235.1"
"4262190",NA,"GCA_023156245.1"
"4669185","61","GCA_023156385.1"
"2873640","36","GCA_023227765.1"
"4454714","52.5","GCA_023283475.1"
"4133602","44","GCA_023283485.1"
"4075970","49","GCA_023283565.1"
"4715133","42","GCA_023283595.1"
"3903267","44","GCA_023283645.1"
"4603400","46.5","GCA_023283665.1"
"3890224","41.5","GCA_023283685.1"
"4625567","42.5","GCA_023283695.1"
"4972604","42.5","GCA_023283725.1"
"4741450","45","GCA_023283765.1"
"4983102","42","GCA_023283865.1"
"4347716","42.5","GCA_023283885.1"
"4885725","43","GCA_023283895.1"
"4319839","50","GCA_023283925.1"
"4634386","41.5","GCA_023283965.1"
"6083073","40.5","GCA_023284005.1"
"5030675","44.5","GCA_023284025.1"
"5071067","43.5","GCA_023284045.1"
"4038747","40.5","GCA_023284065.1"
"5126954","50.5","GCA_023349125.1"
"3903445","48.5","GCA_023349145.1"
"4412182","53","GCA_023349185.1"
"4193897",NA,"GCA_023516435.1"
"2840705","56.5","GCA_023541015.1"
"6941561",NA,"GCA_023546765.1"
"2433989","66.5","GCA_023555375.1"
"4295405",NA,"GCA_023634845.1"
"5289643",NA,"GCA_023656565.1"
"1958377","36.5","GCA_023657345.1"
"2013964","39.5","GCA_023657365.1"
"1898123","38","GCA_023657385.1"
"1831593","35.5","GCA_023701865.1"
"3714182",NA,"GCA_023702635.1"
"4366190","39.5","GCA_023703085.1"
"3222465",NA,"GCA_023712105.1"
"3770994","37.5","GCA_023721415.1"
"2556534",NA,"GCA_023923085.1"
"1422963",NA,"GCA_024029915.1"
"3288379","43.5","GCA_024054555.1"
"4444727","70","GCA_024055635.1"
"9249720","70","GCA_024055795.1"
"4915218",NA,"GCA_024105735.1"
"5043873",NA,"GCA_024105745.1"
"4459629","43","GCA_024125445.1"
"3521822","67.5","GCA_024128855.1"
"6443351","66.5","GCA_024169805.1"
"2926162","60","GCA_024170465.1"
"2882101","63","GCA_024171685.1"
"7099767",NA,"GCA_024171885.1"
"3713220","71","GCA_024172065.1"
"4517303",NA,"GCA_024346835.1"
"3518157",NA,"GCA_024346875.1"
"4414459",NA,"GCA_024346935.1"
"3736840",NA,"GCA_024346995.1"
"5501118",NA,"GCA_024347055.1"
"3877193",NA,"GCA_024347075.1"
"4557402",NA,"GCA_024347095.1"
"5192394",NA,"GCA_024347135.1"
"4009526",NA,"GCA_024347155.1"
"4804482",NA,"GCA_024347255.1"
"3880036",NA,"GCA_024347275.1"
"5804381",NA,"GCA_024347415.1"
"5738118",NA,"GCA_024347455.1"
"5826067",NA,"GCA_024347515.1"
"5577056",NA,"GCA_024436355.1"
"4549596",NA,"GCA_024436395.1"
"4499923",NA,"GCA_024529955.1"
"1873800","28","GCA_024584015.1"
"1896155","27","GCA_024584025.1"
"1950359","27.5","GCA_024584055.1"
"2298450","27","GCA_024584145.1"
"5221616",NA,"GCA_024609765.1"
"5272454",NA,"GCA_024609785.1"
"3157022","59.5","GCA_024622565.1"
"2479092","62.5","GCA_024623225.1"
"2986757","64","GCA_024623255.1"
"2737105","64","GCA_024623275.1"
"3619545",NA,"GCA_024643285.1"
"6408483","39.5","GCA_024714495.1"
"2339871",NA,"GCA_024721605.1"
"5579048","65.5","GCA_024753145.1"
"5208655","66","GCA_024753215.1"
"5500879","66","GCA_024753255.1"
"6509231","66","GCA_024753285.1"
"5162969","66","GCA_024756255.1"
"4280725",NA,"GCA_024979255.1"
"2857445",NA,"GCA_025144995.1"
"3869542",NA,"GCA_025145285.1"
"3563916",NA,"GCA_025146135.1"
"5625379",NA,"GCA_025146415.1"
"4813254",NA,"GCA_025148635.1"
"4749455",NA,"GCA_025151045.1"
"3325514",NA,"GCA_025151535.1"
"2977857",NA,"GCA_025215075.1"
"2798025","48","GCA_025234635.1"
"2837321",NA,"GCA_025234775.1"
"2928986","52.5","GCA_025234795.1"
"6794547",NA,"GCA_025264625.1"
"5662239",NA,"GCA_025264645.1"
"5195245","64","GCA_025370095.1"
"3986946","66","GCA_025532125.1"
"6517136",NA,"GCA_025562755.1"
"4102882",NA,"GCA_025574465.1"
"3812699",NA,"GCA_025574485.1"
"4956694",NA,"GCA_025617355.1"
"3283979","42","GCA_025631005.1"
"6878131",NA,"GCA_025656855.1"
"4163374","62.5","GCA_025685415.1"
"4960117","59","GCA_025685545.1"
"5740939","60","GCA_025685565.1"
"5850469","57.5","GCA_025685605.1"
"7113555","57","GCA_025685625.1"
"4748248","59.5","GCA_025685645.1"
"5677642","55.5","GCA_025685655.1"
"6171897","56.5","GCA_025685685.1"
"4536130","57","GCA_025685705.1"
"4199012","58.5","GCA_025685745.1"
"5763319","62","GCA_025717515.1"
"6004293","66","GCA_025821505.1"
"5931282","68.5","GCA_025821985.1"
"5924724",NA,"GCA_025822125.1"
"5475980","67.5","GCA_025823125.1"
"5889749","68","GCA_025961205.1"
"9732847","68","GCA_025961225.1"
"5096651","66","GCA_025961475.1"
"3491451","45","GCA_026015395.1"
"1731156",NA,"GCA_026108055.1"
"2558758","65.5","GCA_026157085.1"
"2238205","62.5","GCA_026157105.1"
"2249836",NA,"GCA_026157155.1"
"2079293",NA,"GCA_026157185.1"
"4655510",NA,"GCA_026183675.1"
"3554296","45.5","GCA_026191375.1"
"5782904","61.5","GCA_026240905.1"
"6564943",NA,"GCA_026248825.1"
"5259198","64.5","GCA_026343945.1"
"4901180","65.5","GCA_026343955.1"
"5594089","64","GCA_026344005.1"
"5215465","66","GCA_026420865.1"
"5120986",NA,"GCA_026712205.1"
"3582181",NA,"GCA_026735135.1"
"4118181",NA,"GCA_026735165.1"
"5593330",NA,"GCA_027622855.1"
"5618087",NA,"GCA_027622945.1"
"1940884",NA,"GCA_027946175.1"
"4175176","59.5","GCA_028023755.1"
"8936924","72","GCA_028401405.1"
"4576919",NA,"GCA_028532485.1"
"2887935","43.5","GCA_028539255.1"
"6778473","42.5","GCA_028539415.1"
"6800548","71","GCA_028550555.1"
"3723810",NA,"GCA_028553785.1"
"4621331",NA,"GCA_028553805.1"
"3675213",NA,"GCA_028553885.1"
"3296051",NA,"GCA_028561565.1"
"6157393",NA,"GCA_028596025.1"
"4805416","44","GCA_028598485.1"
"4310851",NA,"GCA_028607085.1"
"9194358","72","GCA_028657175.1"
"2700297",NA,"GCA_028743495.1"
"8964429",NA,"GCA_028746185.1"
"4299036",NA,"GCA_029277305.1"
"7220644",NA,"GCA_029525555.1"
"3634655","65","GCA_029589195.1"
"5414540",NA,"GCA_029625315.1"
"2992352",NA,"GCA_029625335.1"
"1873758",NA,"GCA_029625435.1"
"2015622",NA,"GCA_029632765.1"
"4367773",NA,"GCA_029635795.1"
"1908805","34.5","GCA_029823055.1"
"4621254","62.5","GCA_029846315.1"
"3238137",NA,"GCA_900000005.1"
"3039773",NA,"GCA_900002575.1"
"2331098",NA,"GCA_900018365.1"
"5607486","48.5","GCA_900055185.1"
"2098701",NA,"GCA_900063025.1"
"3142124",NA,"GCA_900067235.1"
"2609352",NA,"GCA_900070325.1"
"2958880",NA,"GCA_900070355.1"
"4444703",NA,"GCA_900078335.1"
"4718223","44","GCA_900089775.1"
"5414248","44","GCA_900089845.1"
"3760249",NA,"GCA_900092135.1"
"6808054",NA,"GCA_900094545.1"
"7319877",NA,"GCA_900094585.1"
"4414963",NA,"GCA_900095135.1"
"3717632",NA,"GCA_900095795.1"
"4154490",NA,"GCA_900096565.1"
"4040166",NA,"GCA_900096585.1"
"2527601",NA,"GCA_900096905.1"
"3619097","41.5","GCA_900099605.1"
"3119379",NA,"GCA_900099635.1"
"4487120",NA,"GCA_900099645.1"
"2967042",NA,"GCA_900099675.1"
"3400178",NA,"GCA_900099705.1"
"4643995",NA,"GCA_900099745.1"
"6740451",NA,"GCA_900099765.1"
"5775530",NA,"GCA_900099785.1"
"2973500",NA,"GCA_900099815.1"
"6809960",NA,"GCA_900099905.1"
"5811514","62.5","GCA_900099935.1"
"6710571",NA,"GCA_900099945.1"
"3772513","63","GCA_900100005.1"
"5501246",NA,"GCA_900100015.1"
"5168180",NA,"GCA_900100075.1"
"5611602",NA,"GCA_900100085.1"
"3945433",NA,"GCA_900100165.1"
"4375383",NA,"GCA_900100175.1"
"3302411",NA,"GCA_900100185.1"
"4166643",NA,"GCA_900100195.1"
"3885264",NA,"GCA_900100225.1"
"6029601",NA,"GCA_900100345.1"
"3664854",NA,"GCA_900100355.1"
"4032617",NA,"GCA_900100375.1"
"5106261",NA,"GCA_900100425.1"
"4840393",NA,"GCA_900100475.1"
"2184031",NA,"GCA_900100515.1"
"2890139",NA,"GCA_900100625.1"
"3039361",NA,"GCA_900100655.1"
"5755101",NA,"GCA_900100705.1"
"6142129","66.5","GCA_900100725.1"
"3756722",NA,"GCA_900100755.1"
"4939873",NA,"GCA_900100785.1"
"7109178",NA,"GCA_900100945.1"
"2761335",NA,"GCA_900100975.1"
"4861150",NA,"GCA_900100995.1"
"5004253",NA,"GCA_900101095.1"
"3872848",NA,"GCA_900101105.1"
"3247111",NA,"GCA_900101115.1"
"3565081",NA,"GCA_900101125.1"
"2364962",NA,"GCA_900101165.1"
"6535106",NA,"GCA_900101345.1"
"3654407",NA,"GCA_900101385.1"
"6099002",NA,"GCA_900101395.1"
"5295570",NA,"GCA_900101465.1"
"4995422",NA,"GCA_900101475.1"
"5258327",NA,"GCA_900101505.1"
"5179070",NA,"GCA_900101535.1"
"5994144",NA,"GCA_900101615.1"
"4851997",NA,"GCA_900101815.1"
"4428167",NA,"GCA_900101825.1"
"5340093",NA,"GCA_900101855.1"
"3523473","66","GCA_900101865.1"
"8744781",NA,"GCA_900101885.1"
"3700245",NA,"GCA_900101895.1"
"2626144",NA,"GCA_900101925.1"
"4000817","57","GCA_900101935.1"
"2988557","54","GCA_900101985.1"
"2136954",NA,"GCA_900101995.1"
"3911774",NA,"GCA_900102015.1"
"2200507","58","GCA_900102025.1"
"3821926","36","GCA_900102055.1"
"6495147",NA,"GCA_900102085.1"
"4721732",NA,"GCA_900102135.1"
"2442297",NA,"GCA_900102145.1"
"4718566",NA,"GCA_900102165.1"
"5264638",NA,"GCA_900102215.1"
"3960224","36.5","GCA_900102265.1"
"4044312",NA,"GCA_900102275.1"
"4442624",NA,"GCA_900102315.1"
"2861023",NA,"GCA_900102435.1"
"5363368",NA,"GCA_900102465.1"
"3911405",NA,"GCA_900102505.1"
"5279103","66.5","GCA_900102525.1"
"5731800",NA,"GCA_900102665.1"
"5079034",NA,"GCA_900102675.1"
"3994069","53","GCA_900102795.1"
"3632870","68","GCA_900102885.1"
"3127641",NA,"GCA_900102905.1"
"3261465",NA,"GCA_900102915.1"
"3742882","40","GCA_900102925.1"
"3678401","58.5","GCA_900103185.1"
"6057242",NA,"GCA_900103215.1"
"3156218","69.5","GCA_900103275.1"
"6189941",NA,"GCA_900103285.1"
"7063626",NA,"GCA_900103325.1"
"4797611",NA,"GCA_900103485.1"
"2912276","40","GCA_900103535.1"
"3715915","69","GCA_900103645.1"
"8060701",NA,"GCA_900103665.1"
"4149758",NA,"GCA_900103695.1"
"3403025",NA,"GCA_900103755.1"
"4040838",NA,"GCA_900103805.1"
"4142129",NA,"GCA_900103865.1"
"4224028",NA,"GCA_900103935.1"
"3778165",NA,"GCA_900103955.1"
"4758105",NA,"GCA_900103975.1"
"3530709",NA,"GCA_900104135.1"
"4191840",NA,"GCA_900104185.1"
"2736266",NA,"GCA_900104195.1"
"6026235",NA,"GCA_900104205.1"
"2206361",NA,"GCA_900104245.1"
"5084171",NA,"GCA_900104265.1"
"3837821",NA,"GCA_900104895.1"
"3987942",NA,"GCA_900105005.1"
"2026407","65.5","GCA_900105015.1"
"6014056",NA,"GCA_900105165.1"
"4030203",NA,"GCA_900105255.1"
"4023083",NA,"GCA_900105315.1"
"1684415",NA,"GCA_900105405.1"
"2986943",NA,"GCA_900105445.1"
"3356220","67.5","GCA_900105715.1"
"3191154",NA,"GCA_900105885.1"
"4622641","60.5","GCA_900105965.1"
"2908575",NA,"GCA_900106595.1"
"4713652","59","GCA_900106635.1"
"3856409",NA,"GCA_900106645.1"
"5014394","71.5","GCA_900106695.1"
"5959374",NA,"GCA_900106755.1"
"3002518",NA,"GCA_900106765.1"
"3535532",NA,"GCA_900106795.1"
"4243668","56.5","GCA_900106805.1"
"3744005","40","GCA_900106825.1"
"3075136",NA,"GCA_900106865.1"
"3971609",NA,"GCA_900106945.1"
"3886483",NA,"GCA_900106955.1"
"3580729","59","GCA_900107015.1"
"7174982","66","GCA_900107225.1"
"5440428",NA,"GCA_900107365.1"
"3191994","68","GCA_900107385.1"
"4853715",NA,"GCA_900107435.1"
"3161504",NA,"GCA_900107485.1"
"3263166",NA,"GCA_900107495.1"
"5188723",NA,"GCA_900107535.1"
"2671918",NA,"GCA_900107595.1"
"4130223","64.5","GCA_900107605.1"
"3936903",NA,"GCA_900107695.1"
"3982390",NA,"GCA_900107725.1"
"4300830",NA,"GCA_900107755.1"
"6630860",NA,"GCA_900107795.1"
"3925261",NA,"GCA_900107855.1"
"5123217","46.5","GCA_900107935.1"
"3998564","44","GCA_900107985.1"
"3439151",NA,"GCA_900108015.1"
"3121186","33","GCA_900108025.1"
"3571001","40.5","GCA_900108035.1"
"5568333",NA,"GCA_900108065.1"
"4834448",NA,"GCA_900108085.1"
"3346045",NA,"GCA_900108115.1"
"5669524","62","GCA_900108185.1"
"4737211",NA,"GCA_900108215.1"
"5918613",NA,"GCA_900108245.1"
"13236837",NA,"GCA_900108335.1"
"4904497","37.5","GCA_900108365.1"
"2977689",NA,"GCA_900108395.1"
"1413564",NA,"GCA_900108455.1"
"4070894",NA,"GCA_900108515.1"
"2788642","36","GCA_900108525.1"
"8688577",NA,"GCA_900108945.1"
"3172415",NA,"GCA_900108955.1"
"3840840",NA,"GCA_900109025.1"
"4158306",NA,"GCA_900109075.1"
"2181898",NA,"GCA_900109085.1"
"6507138",NA,"GCA_900109115.1"
"3090512",NA,"GCA_900109135.1"
"3101161",NA,"GCA_900109165.1"
"4063489",NA,"GCA_900109195.1"
"2973201","72","GCA_900109245.1"
"8580172",NA,"GCA_900109265.1"
"2638902",NA,"GCA_900109325.1"
"4163533",NA,"GCA_900109345.1"
"6128076","66.5","GCA_900109525.1"
"3870734",NA,"GCA_900109555.1"
"3272897",NA,"GCA_900109565.1"
"6780495",NA,"GCA_900109575.1"
"5388788",NA,"GCA_900109605.1"
"8387119",NA,"GCA_900109685.1"
"4023670",NA,"GCA_900109795.1"
"2600402","43","GCA_900109825.1"
"3569348",NA,"GCA_900109905.1"
"4643403",NA,"GCA_900109925.1"
"3413458","58.5","GCA_900109955.1"
"3632506",NA,"GCA_900110015.1"
"3847972","67","GCA_900110035.1"
"3178920",NA,"GCA_900110045.1"
"3551153",NA,"GCA_900110065.1"
"8225572",NA,"GCA_900110105.1"
"3858435","67","GCA_900110115.1"
"3834069",NA,"GCA_900110125.1"
"3796802",NA,"GCA_900110135.1"
"8546563",NA,"GCA_900110245.1"
"5807033","50","GCA_900110315.1"
"3468523",NA,"GCA_900110345.1"
"3520953",NA,"GCA_900110375.1"
"4088599",NA,"GCA_900110425.1"
"5272456",NA,"GCA_900110435.1"
"4037907",NA,"GCA_900110585.1"
"4089033",NA,"GCA_900110605.1"
"6220808",NA,"GCA_900110645.1"
"3791086","37.5","GCA_900110695.1"
"5421602","55.5","GCA_900110795.1"
"4788555",NA,"GCA_900110855.1"
"5131990",NA,"GCA_900110875.1"
"5358739",NA,"GCA_900110925.1"
"3480311","34.5","GCA_900111025.1"
"4045707",NA,"GCA_900111075.1"
"4735181",NA,"GCA_900111095.1"
"3294717",NA,"GCA_900111105.1"
"4660771","42","GCA_900111145.1"
"4071593",NA,"GCA_900111195.1"
"7175483",NA,"GCA_900111245.1"
"4435185",NA,"GCA_900111295.1"
"3734199",NA,"GCA_900111305.1"
"4330933",NA,"GCA_900111375.1"
"4668404","36","GCA_900111495.1"
"3351072",NA,"GCA_900111545.1"
"4218891",NA,"GCA_900111555.1"
"3306525",NA,"GCA_900111755.1"
"4008709",NA,"GCA_900111785.1"
"5803831",NA,"GCA_900111825.1"
"3448881",NA,"GCA_900111865.1"
"3754758",NA,"GCA_900111945.1"
"2573799","32.5","GCA_900111965.1"
"5119527",NA,"GCA_900112005.1"
"4596761",NA,"GCA_900112035.1"
"3670765",NA,"GCA_900112045.1"
"5380462",NA,"GCA_900112145.1"
"5580237",NA,"GCA_900112225.1"
"3083561",NA,"GCA_900112235.1"
"4460741",NA,"GCA_900112245.1"
"4482831",NA,"GCA_900112295.1"
"3925814",NA,"GCA_900112305.1"
"4622024","50","GCA_900112315.1"
"4976641",NA,"GCA_900112335.1"
"3921832",NA,"GCA_900112345.1"
"8512335",NA,"GCA_900112365.1"
"4816342",NA,"GCA_900112395.1"
"4328295",NA,"GCA_900112505.1"
"4148996",NA,"GCA_900112515.1"
"4316910","75","GCA_900112525.1"
"4068972",NA,"GCA_900112545.1"
"3605329","60.5","GCA_900112585.1"
"2687697",NA,"GCA_900112605.1"
"6620053",NA,"GCA_900112695.1"
"3314552",NA,"GCA_900112705.1"
"4061252",NA,"GCA_900112745.1"
"5284330",NA,"GCA_900112785.1"
"3899561",NA,"GCA_900112795.1"
"2539887",NA,"GCA_900112895.1"
"3471047",NA,"GCA_900112975.1"
"3316135",NA,"GCA_900113025.1"
"5335586",NA,"GCA_900113035.1"
"4092525",NA,"GCA_900113125.1"
"4298571",NA,"GCA_900113135.1"
"3552645",NA,"GCA_900113265.1"
"4449795",NA,"GCA_900113275.1"
"4060565","68.5","GCA_900113315.1"
"5215335",NA,"GCA_900113335.1"
"4056899",NA,"GCA_900113345.1"
"4329743",NA,"GCA_900113375.1"
"3937250","66","GCA_900113405.1"
"4144460",NA,"GCA_900113425.1"
"3671544",NA,"GCA_900113435.1"
"6203749",NA,"GCA_900113465.1"
"4524655",NA,"GCA_900113485.1"
"4388005","38","GCA_900113525.1"
"4357925",NA,"GCA_900113605.1"
"4518250",NA,"GCA_900113685.1"
"6027197",NA,"GCA_900113695.1"
"4149587",NA,"GCA_900113745.1"
"3021049","33.5","GCA_900113805.1"
"9273799",NA,"GCA_900113865.1"
"3733035","65.5","GCA_900113875.1"
"5108022",NA,"GCA_900113905.1"
"3640212",NA,"GCA_900113935.1"
"4398584",NA,"GCA_900113955.1"
"3522968","32.5","GCA_900114005.1"
"2379279","39.5","GCA_900114045.1"
"3140132",NA,"GCA_900114085.1"
"2837944","54","GCA_900114125.1"
"3859742",NA,"GCA_900114135.1"
"4137344",NA,"GCA_900114165.1"
"2554689",NA,"GCA_900114235.1"
"5845495",NA,"GCA_900114245.1"
"6273155",NA,"GCA_900114255.1"
"5323773",NA,"GCA_900114375.1"
"3995969","58","GCA_900114415.1"
"4130155","60","GCA_900114485.1"
"5275857","61.5","GCA_900114625.1"
"3323467","57.5","GCA_900114675.1"
"3516738",NA,"GCA_900114715.1"
"3934694",NA,"GCA_900114765.1"
"4029256",NA,"GCA_900114775.1"
"3800146","59.5","GCA_900114925.1"
"4521864",NA,"GCA_900114935.1"
"4197592",NA,"GCA_900115035.1"
"3508271",NA,"GCA_900115045.1"
"4635835",NA,"GCA_900115085.1"
"3190947",NA,"GCA_900115105.1"
"3493887","34.5","GCA_900115115.1"
"3688496",NA,"GCA_900115145.1"
"3303539",NA,"GCA_900115155.1"
"4283675",NA,"GCA_900115165.1"
"3839018",NA,"GCA_900115175.1"
"3314721",NA,"GCA_900115185.1"
"3206962",NA,"GCA_900115205.1"
"5339722",NA,"GCA_900115225.1"
"2436491","47.5","GCA_900115255.1"
"4093442",NA,"GCA_900115305.1"
"5270473",NA,"GCA_900115555.1"
"2899438",NA,"GCA_900115585.1"
"4543020",NA,"GCA_900115595.1"
"2704097",NA,"GCA_900115605.1"
"3838145",NA,"GCA_900115705.1"
"4607575",NA,"GCA_900115715.1"
"3200202","69","GCA_900115745.1"
"5118421",NA,"GCA_900115845.1"
"4426466","59","GCA_900115865.1"
"4495023","44","GCA_900115875.1"
"3443471",NA,"GCA_900115905.1"
"2996830","70.5","GCA_900116065.1"
"3484703",NA,"GCA_900116115.1"
"5802684",NA,"GCA_900116145.1"
"6143658",NA,"GCA_900116195.1"
"3844399",NA,"GCA_900116225.1"
"3168606",NA,"GCA_900116255.1"
"3567424","57","GCA_900116285.1"
"3681289",NA,"GCA_900116405.1"
"3567068",NA,"GCA_900116425.1"
"4539025",NA,"GCA_900116435.1"
"5135597",NA,"GCA_900116535.1"
"6080381","52","GCA_900116575.1"
"1742209",NA,"GCA_900116585.1"
"5020984",NA,"GCA_900116605.1"
"5426160",NA,"GCA_900116615.1"
"8489111",NA,"GCA_900116645.1"
"4209902",NA,"GCA_900116665.1"
"4038005",NA,"GCA_900116705.1"
"3662395",NA,"GCA_900116725.1"
"4842958","68","GCA_900116765.1"
"3789420",NA,"GCA_900116805.1"
"4152335","65.5","GCA_900116825.1"
"4816279","51","GCA_900116885.1"
"2574154","48","GCA_900116895.1"
"5026272",NA,"GCA_900119185.1"
"3435971",NA,"GCA_900119795.1"
"2952521",NA,"GCA_900128875.1"
"3960292",NA,"GCA_900128925.1"
"2489535",NA,"GCA_900128965.1"
"4297655",NA,"GCA_900128975.1"
"4206024","65","GCA_900128995.1"
"2274683","60.5","GCA_900129045.1"
"4806522","38.5","GCA_900129065.1"
"2760766",NA,"GCA_900129075.1"
"4314257",NA,"GCA_900129095.1"
"2409754",NA,"GCA_900129115.1"
"5038537",NA,"GCA_900129155.1"
"3076693",NA,"GCA_900129165.1"
"2312367",NA,"GCA_900129175.1"
"7828785",NA,"GCA_900129215.1"
"5551910",NA,"GCA_900129275.1"
"4677460",NA,"GCA_900129295.1"
"5082244","48.5","GCA_900129315.1"
"5237791",NA,"GCA_900129325.1"
"3858813",NA,"GCA_900129345.1"
"4480046","73","GCA_900129455.1"
"7130081",NA,"GCA_900129465.1"
"4129111","37","GCA_900129545.1"
"4871623",NA,"GCA_900129555.1"
"3463995",NA,"GCA_900129575.1"
"3692790",NA,"GCA_900129585.1"
"3748808","45.5","GCA_900129655.1"
"3836163","42","GCA_900129665.1"
"3284915",NA,"GCA_900129685.1"
"3798137","35.5","GCA_900129705.1"
"8357597",NA,"GCA_900129725.1"
"4598339","38","GCA_900129755.1"
"4978503",NA,"GCA_900129785.1"
"3800678",NA,"GCA_900129825.1"
"4128320",NA,"GCA_900129865.1"
"4193223","60.5","GCA_900129875.1"
"5641410",NA,"GCA_900129885.1"
"2628775",NA,"GCA_900129895.1"
"4983771",NA,"GCA_900129905.1"
"3710653",NA,"GCA_900129975.1"
"1635651","31","GCA_900129985.1"
"4029999",NA,"GCA_900130045.1"
"3197617",NA,"GCA_900141635.1"
"3377931",NA,"GCA_900141715.1"
"5345319",NA,"GCA_900141785.1"
"1673283","59","GCA_900141795.1"
"4385746","61","GCA_900141805.1"
"4987666",NA,"GCA_900141845.1"
"5036817",NA,"GCA_900141855.1"
"3280715",NA,"GCA_900141885.1"
"5339831",NA,"GCA_900141925.1"
"3598816",NA,"GCA_900141945.1"
"3526892",NA,"GCA_900141955.1"
"4190965",NA,"GCA_900141975.1"
"3574415",NA,"GCA_900141995.1"
"4034121",NA,"GCA_900142005.1"
"6268181","44.5","GCA_900142015.1"
"3161259","32","GCA_900142035.1"
"2846831",NA,"GCA_900142055.1"
"4262456",NA,"GCA_900142075.1"
"2890486",NA,"GCA_900142095.1"
"3583033",NA,"GCA_900142105.1"
"3544809",NA,"GCA_900142115.1"
"6467702",NA,"GCA_900142135.1"
"3858006",NA,"GCA_900142145.1"
"4402942",NA,"GCA_900142165.1"
"4578396",NA,"GCA_900142175.1"
"4422352","65.5","GCA_900142185.1"
"6621268",NA,"GCA_900142215.1"
"2818024",NA,"GCA_900142225.1"
"2639825",NA,"GCA_900142235.1"
"3045912",NA,"GCA_900142255.1"
"3546077",NA,"GCA_900142265.1"
"2034462","33.5","GCA_900142275.1"
"3695355","37.5","GCA_900142325.1"
"6052484",NA,"GCA_900142355.1"
"3740786","55","GCA_900142385.1"
"4767747","61","GCA_900142395.1"
"4484398",NA,"GCA_900142405.1"
"3139689",NA,"GCA_900142415.1"
"1367921",NA,"GCA_900142435.1"
"4809638",NA,"GCA_900142655.1"
"4547027","62","GCA_900142665.1"
"6113833","33.5","GCA_900142685.1"
"5610979",NA,"GCA_900142715.1"
"5209309","34","GCA_900142735.1"
"4230539",NA,"GCA_900142775.1"
"5154826","37","GCA_900142785.1"
"5217774",NA,"GCA_900142955.1"
"2264710",NA,"GCA_900142995.1"
"6675676",NA,"GCA_900143065.1"
"3981756",NA,"GCA_900143085.1"
"3344933",NA,"GCA_900143155.1"
"3709863","34.5","GCA_900143245.1"
"6065581","49.5","GCA_900143695.1"
"5165242",NA,"GCA_900148505.1"
"4802154",NA,"GCA_900148515.1"
"2854482","33","GCA_900148835.1"
"5104270","45.5","GCA_900149295.1"
"4511475","35","GCA_900155985.1"
"4474059",NA,"GCA_900156415.1"
"4441008",NA,"GCA_900156495.1"
"2650984","66.5","GCA_900156525.1"
"3698163",NA,"GCA_900156535.1"
"4895917","37.5","GCA_900156575.1"
"4569005",NA,"GCA_900156635.1"
"2900825",NA,"GCA_900156645.1"
"3841151","61","GCA_900156655.1"
"3859465",NA,"GCA_900156675.1"
"3452400","34","GCA_900156685.1"
"4687952","54.5","GCA_900156715.1"
"3043150","35.5","GCA_900156725.1"
"5183225","34.5","GCA_900156735.1"
"2994480",NA,"GCA_900156755.1"
"7763674",NA,"GCA_900156765.1"
"4107843",NA,"GCA_900156785.1"
"4698813",NA,"GCA_900156795.1"
"4439333","66","GCA_900156805.1"
"4841687","36","GCA_900156825.1"
"3701013","43.5","GCA_900162645.1"
"2787318","65.5","GCA_900163565.1"
"4420947",NA,"GCA_900166975.1"
"3270841",NA,"GCA_900167005.1"
"3099673","67.5","GCA_900167055.1"
"4089980",NA,"GCA_900167075.1"
"3179481","58.5","GCA_900167125.1"
"5037269",NA,"GCA_900167155.1"
"2578924","49","GCA_900167165.1"
"6283492","66.5","GCA_900167195.1"
"3422026",NA,"GCA_900167475.1"
"3329778",NA,"GCA_900167905.1"
"5473339","67.5","GCA_900167915.1"
"4211145",NA,"GCA_900167935.1"
"6736930",NA,"GCA_900167945.1"
"3591995","36.5","GCA_900168045.1"
"4829924",NA,"GCA_900168055.1"
"7934943",NA,"GCA_900168065.1"
"4310031",NA,"GCA_900168115.1"
"5050264",NA,"GCA_900168125.1"
"3915786",NA,"GCA_900168155.1"
"4556696",NA,"GCA_900168165.1"
"5369373","67.5","GCA_900168195.1"
"3328841",NA,"GCA_900168265.1"
"4843551",NA,"GCA_900168325.1"
"3297707","68.5","GCA_900169175.1"
"3691014","66.5","GCA_900172235.1"
"3750464","66.5","GCA_900172315.1"
"1929433",NA,"GCA_900176045.1"
"4626202",NA,"GCA_900176275.1"
"3555791",NA,"GCA_900176415.1"
"4449490",NA,"GCA_900176475.1"
"6077111",NA,"GCA_900176505.1"
"5987195",NA,"GCA_900176595.1"
"4367405",NA,"GCA_900177275.1"
"2807353",NA,"GCA_900177405.1"
"4506111",NA,"GCA_900177625.1"
"2540854",NA,"GCA_900177745.1"
"3577011","65","GCA_900177755.1"
"4434397",NA,"GCA_900182555.1"
"3342189",NA,"GCA_900182575.1"
"1727484",NA,"GCA_900182585.1"
"6345322",NA,"GCA_900182595.1"
"4115084","56.5","GCA_900182615.1"
"5036896","33.5","GCA_900182645.1"
"4666881","44.5","GCA_900182705.1"
"4792571","62","GCA_900184895.1"
"5313976","67","GCA_900184945.1"
"3233060","55","GCA_900185015.1"
"5004261",NA,"GCA_900186865.1"
"2347607",NA,"GCA_900187115.1"
"2764880",NA,"GCA_900187185.1"
"5743123",NA,"GCA_900187205.1"
"1626636","43","GCA_900187875.1"
"3216964",NA,"GCA_900187885.1"
"6727430","68","GCA_900187975.1"
"3646938",NA,"GCA_900187995.1"
"4117706",NA,"GCA_900188045.1"
"6929445",NA,"GCA_900188055.1"
"5293785","63","GCA_900188085.1"
"4149802","65.5","GCA_900188185.1"
"4101932",NA,"GCA_900188235.1"
"3880061",NA,"GCA_900188245.1"
"4858213",NA,"GCA_900188265.1"
"5174220","66.5","GCA_900188335.1"
"3903672",NA,"GCA_900188355.1"
"4269365",NA,"GCA_900188415.1"
"1885561","46.5","GCA_900205755.1"
"3806065",NA,"GCA_900207575.1"
"6511547",NA,"GCA_900215245.1"
"5198252",NA,"GCA_900215605.1"
"3389510",NA,"GCA_900215625.1"
"3833743",NA,"GCA_900217815.1"
"5383361",NA,"GCA_900218015.1"
"4884413","72.5","GCA_900218025.1"
"3026577",NA,"GCA_900230175.1"
"3734267","59","GCA_900231835.1"
"1447740",NA,"GCA_900243065.1"
"2777320",NA,"GCA_900289195.1"
"3764595","59.5","GCA_900312995.1"
"4717613",NA,"GCA_900324475.1"
"1973136","27.5","GCA_900445295.1"
"3697361","44","GCA_900445435.1"
"1716948","31.5","GCA_900446395.1"
"2529093","55","GCA_900453215.1"
"2202530","55.5","GCA_900453235.1"
"2181818","55.5","GCA_900453315.1"
"2838494","45","GCA_900454285.1"
"2386361","46.5","GCA_900454345.1"
"4971333","52","GCA_900456445.1"
"2310711","59.5","GCA_900460345.1"
"1764814","34","GCA_900460765.1"
"6515171",NA,"GCA_900475215.1"
"1680937",NA,"GCA_900478295.1"
"6376476","66.5","GCA_900496965.1"
"5966738","62.5","GCA_900497695.1"
"3901528","61.5","GCA_900499075.1"
"6162601","64","GCA_900536025.1"
"5118913","67","GCA_900606115.1"
"3123030",NA,"GCA_900609045.1"
"4474616",NA,"GCA_900609055.1"
"5028902","58","GCA_900618535.1"
"4103082","66.5","GCA_900631945.1"
"1667383",NA,"GCA_900637625.1"
"2043249",NA,"GCA_900637955.1"
"4125322",NA,"GCA_900683745.1"
"5756747","53","GCA_901456055.1"
"2740791",NA,"GCA_901482605.1"
"6690754",NA,"GCA_901538355.1"
"6086597","70","GCA_902141845.1"
"4130666","44.5","GCA_902167755.1"
"6176823","63","GCA_902459695.1"
"6079078","67","GCA_902499135.1"
"1694957","37","GCA_902728125.1"
"4293412",NA,"GCA_902813185.1"
"8601927",NA,"GCA_902833725.1"
"8597690",NA,"GCA_902833865.1"
"7020072","63.5","GCA_902859595.1"
"6360923","64.5","GCA_902859605.1"
"6435021","65","GCA_902859615.1"
"6905829","64","GCA_902859625.1"
"6885835","65","GCA_902859635.1"
"6809508","67","GCA_902859705.1"
"7999742","61.5","GCA_902859775.1"
"8638003","61.5","GCA_902859805.1"
"6080177","63","GCA_902859815.1"
"8272630","62","GCA_902859905.1"
"8475216","62.5","GCA_902859935.1"
"5508144",NA,"GCA_903819445.1"
"9749118","62","GCA_904848645.1"
"1926695","38","GCA_918814575.1"
"1988014","39.5","GCA_918814755.1"
"3987390","66.5","GCA_919592095.1"
"4244706","60","GCA_923081025.1"
"1326034","49","GCA_945860575.1"
"2198688","64.5","GCA_945860695.1"
"1659703","47.5","GCA_945860855.1"
"2885488","61","GCA_945861025.1"
"1268729","47.5","GCA_945861285.1"
"1697504",NA,"GCA_945861325.1"
"1075305","48","GCA_945861475.1"
"1732179","47","GCA_945862025.1"
"3221872","67","GCA_945862115.1"
"6834489","60","GCA_945862235.1"
"1472128","51.5","GCA_945862375.1"
"4685841","52","GCA_945863875.1"
"1294539","51.5","GCA_945865395.1"
"1806946","56","GCA_945865885.1"
"2624581",NA,"GCA_945866105.1"
"1368212","51.5","GCA_945866315.1"
"6251891","54.5","GCA_945869955.1"
"1260059","47.5","GCA_945872865.1"
"1225899","47.5","GCA_945875775.1"
"1287385","48","GCA_945875945.1"
"4711948","54","GCA_945876035.1"
"1882886","65","GCA_945878055.1"
"1209054","48","GCA_945878475.1"
"1268076","47.5","GCA_945878705.1"
"1273200","49","GCA_945878815.1"
"1587867","56.5","GCA_945881955.1"
"1507104","51.5","GCA_945882605.1"
"2675276",NA,"GCA_945882885.1"
"1660438","48","GCA_945885515.1"
"1339730","51","GCA_945887445.1"
"2658085",NA,"GCA_945889085.1"
"1978856","65","GCA_945891395.1"
"2109043","64.5","GCA_945891635.1"
"1505054","47.5","GCA_945897405.1"
"1182845","54","GCA_945897875.1"
"4778563",NA,"GCA_945898215.1"
"1227662","47.5","GCA_945899535.1"
"1642353","54","GCA_945900735.1"
"2173877",NA,"GCA_945902035.1"
"5752980","54.5","GCA_945902765.1"
"5608108","58.5","GCA_945906165.1"
"3095443","66","GCA_945906305.1"
"1308858","48","GCA_945906845.1"
"1312386","48","GCA_945906865.1"
"1302535","47.5","GCA_945906955.1"
"2336830","65","GCA_945907285.1"
"1551777","48","GCA_945907425.1"
"6681382","60","GCA_945908225.1"
